session,scan_idx,readout_id,task_index,unit_id,unit_x,unit_y,unit_z,brain_area,field,cc_max,population,pt_root_id,em_root_key,mtype,layer,is_em_linked,is_unique_em_neuron,layer_source
6,2,3512,29132,3801,728.6,403.47,291.95,LM,3,0.597488,all_model_readouts_v1,,,,unassigned,False,False,
8,5,4316,3032,4543,1049.77,321.41,240.12,RL,4,0.746122,all_model_readouts_v1,8.64691135969735e+17,root_864691135969735013,L3b,L23,True,True,aibs_metamodel_mtypes_v661_v2
7,5,7979,10294,8791,995.32,256.36,502.21,RL,8,0.806985,all_model_readouts_v1,8.646911362103448e+17,root_864691136210344892,L6short-a,unassigned,True,False,aibs_metamodel_mtypes_v661_v2
5,6,7078,63712,7724,727.46,253.38,581.9,LM,7,0.73549,all_model_readouts_v1,,,,unassigned,False,False,
6,6,5218,43430,5628,392.72,297.23,406.06,LM,5,0.771452,all_model_readouts_v1,,,,unassigned,False,False,
6,4,4655,14250,5046,999.19,88.79,270.61,AL,4,0.508653,all_model_readouts_v1,8.646911364874445e+17,root_864691136487444498,L3b,L23,True,False,aibs_metamodel_mtypes_v661_v2
5,6,5012,10012,5457,859.72,76.87,306.55,AL,4,0.50751,all_model_readouts_v1,8.646911356878008e+17,root_864691135687800800,L4a,L4,True,True,aibs_metamodel_mtypes_v661_v2
4,7,3082,39786,3524,938.71,316.22,239.72,RL,4,0.574252,all_model_readouts_v1,8.646911354635665e+17,root_864691135463566493,L3b,L23,True,False,aibs_metamodel_mtypes_v661_v2
5,6,2520,54391,2752,395.8,175.07,310.52,LM,3,0.544099,all_model_readouts_v1,,,,unassigned,False,False,
6,2,5195,100580,5632,595.36,548.48,425.95,V1,5,0.515188,all_model_readouts_v1,,,,unassigned,False,False,
6,6,5799,11827,6255,1255.62,270.31,398.59,RL,6,0.537674,all_model_readouts_v1,8.646911365599679e+17,root_864691136559967906,L5a,L5,True,False,aibs_metamodel_mtypes_v661_v2
8,5,72,11779,76,777.92,201.09,239.84,AL,1,0.337312,all_model_readouts_v1,,,,unassigned,False,False,
5,6,1195,29006,1264,498.56,108.5,178.63,LM,1,0.504029,all_model_readouts_v1,,,,unassigned,False,False,
9,6,1375,38876,1490,1121.82,349.53,199.69,RL,2,0.682493,all_model_readouts_v1,8.646911366632028e+17,root_864691136663202782,L3a,L23,True,True,aibs_metamodel_mtypes_v661_v2
9,3,6846,5466,7444,905.11,425.76,340.83,RL,6,,all_model_readouts_v1,,,,unassigned,False,False,
6,2,6360,16577,6879,999.68,788.42,426.28,V1,6,0.541632,all_model_readouts_v1,8.646911358104566e+17,root_864691135810456605,L4c,L4,True,False,aibs_metamodel_mtypes_v661_v2
5,7,6783,7072,7476,965.63,192.16,432.37,AL,6,0.521669,all_model_readouts_v1,8.646911356935569e+17,root_864691135693556927,L5a,L5,True,False,aibs_metamodel_mtypes_v661_v2
6,4,4059,53505,4404,741.7,953.6,279.9,V1,4,0.942145,all_model_readouts_v1,,,,unassigned,False,False,
6,4,7763,12555,8355,1040.73,428.04,543.9,RL,8,,all_model_readouts_v1,,,,unassigned,False,False,
5,7,7534,70088,8243,612.79,948.15,568.44,V1,7,0.351029,all_model_readouts_v1,,,,unassigned,False,False,
5,7,4070,30310,4464,941.18,638.29,300.49,V1,4,0.713631,all_model_readouts_v1,8.64691136116976e+17,root_864691136116976036,L3b,L23,True,False,aibs_metamodel_mtypes_v661_v2
6,6,843,83331,914,470.09,1017.32,126.16,V1,1,0.58636,all_model_readouts_v1,,,,unassigned,False,False,
9,3,4701,45928,5079,1042.08,1161.63,333.61,V1,4,0.591471,all_model_readouts_v1,8.646911363912262e+17,root_864691136391226239,L4b,L4,True,False,aibs_metamodel_mtypes_v661_v2
6,7,5435,5824,5982,1067.5,142.11,390.44,AL,6,0.577379,all_model_readouts_v1,8.646911352927576e+17,root_864691135292757686,L5a,L5,True,False,aibs_metamodel_mtypes_v661_v2
6,2,7826,74275,8418,1125.44,710.4,558.05,V1,8,0.24955,all_model_readouts_v1,8.64691135772136e+17,root_864691135772135931,L6short-a,unassigned,True,False,aibs_metamodel_mtypes_v661_v2
7,3,835,10937,909,733.24,157.31,215.69,AL,1,0.207751,all_model_readouts_v1,,,,unassigned,False,False,
5,7,4845,1268,5324,1054.57,347.46,297.88,RL,4,0.436469,all_model_readouts_v1,8.646911359696206e+17,root_864691135969620581,L4a,L4,True,True,aibs_metamodel_mtypes_v661_v2
6,6,4279,11682,4611,1153.78,247.44,262.54,RL,4,0.527786,all_model_readouts_v1,8.646911352078184e+17,root_864691135207818361,L3b,L23,True,False,aibs_metamodel_mtypes_v661_v2
6,2,6606,5322,7148,1289.32,193.73,422.59,RL,6,0.561583,all_model_readouts_v1,8.64691136618049e+17,root_864691136618048987,L5a,L5,True,False,aibs_metamodel_mtypes_v661_v2
6,4,3172,17151,3453,759.77,409.75,277.98,LM,3,0.796258,all_model_readouts_v1,,,,unassigned,False,False,
6,7,7685,4724,8396,858.17,403.36,527.28,RL,8,0.444973,all_model_readouts_v1,8.646911359405167e+17,root_864691135940516774,L5b,L5,True,False,aibs_metamodel_mtypes_v661_v2
6,2,3799,28905,4129,1103.02,297.36,285.54,RL,4,0.637914,all_model_readouts_v1,8.646911353743181e+17,root_864691135374318024,L3b,L23,True,True,aibs_metamodel_mtypes_v661_v2
7,3,5046,72702,5485,761.97,574.75,346.43,V1,4,0.797652,all_model_readouts_v1,,,,unassigned,False,False,
9,3,7960,886,8642,905.77,187.52,339.61,AL,6,0.525272,all_model_readouts_v1,8.64691135359674e+17,root_864691135359673944,L4b,L4,True,True,aibs_metamodel_mtypes_v661_v2
5,7,1255,11756,1359,1106.08,170.05,156.38,AL,2,0.691125,all_model_readouts_v1,8.646911359259955e+17,root_864691135925995534,L2c,L23,True,True,aibs_metamodel_mtypes_v661_v2
9,4,79,55684,86,374.96,347.94,170.45,LM,1,0.874551,all_model_readouts_v1,,,,unassigned,False,False,
4,7,3452,31825,3934,744.15,232.35,242.88,LM,4,0.803137,all_model_readouts_v1,,,,unassigned,False,False,
8,5,7156,6387,7574,1145.06,427.44,370.27,RL,6,0.800551,all_model_readouts_v1,8.646911358117248e+17,root_864691135811724748,L4a,L4,True,True,aibs_metamodel_mtypes_v661_v2
5,6,7951,2788,8606,937.88,282.32,569.03,RL,8,0.594474,all_model_readouts_v1,8.646911363892154e+17,root_864691136389215351,L6tall-a,unassigned,True,False,aibs_metamodel_mtypes_v661_v2
9,6,4646,35971,4987,1221.92,485.33,222.34,RL,4,0.460735,all_model_readouts_v1,8.646911359469322e+17,root_864691135946932260,L2c,L23,True,False,aibs_metamodel_mtypes_v661_v2
6,2,6796,3471,7358,1140.3,130.96,422.16,AL,6,0.86957,all_model_readouts_v1,8.646911354168088e+17,root_864691135416808890,L5a,L5,True,False,aibs_metamodel_mtypes_v661_v2
7,5,5693,54604,6281,549.23,277.82,369.04,LM,5,0.794067,all_model_readouts_v1,,,,unassigned,False,False,
4,7,5848,8215,6595,911.16,258.92,373.6,AL,6,0.663737,all_model_readouts_v1,8.64691135586074e+17,root_864691135586073980,L4a,L4,True,True,aibs_metamodel_mtypes_v661_v2
7,5,3710,20397,4098,905.32,339.35,234.13,RL,4,0.61611,all_model_readouts_v1,8.646911364882998e+17,root_864691136488299794,L3b,L23,True,False,aibs_metamodel_mtypes_v661_v2
5,7,5194,89782,5710,321.74,567.19,438.18,V1,5,0.564001,all_model_readouts_v1,,,,unassigned,False,False,
5,7,1124,29930,1205,389.53,247.67,169.83,LM,1,0.503505,all_model_readouts_v1,,,,unassigned,False,False,
6,6,5891,23660,6349,980.26,448.98,401.1,RL,6,0.621366,all_model_readouts_v1,8.646911361237292e+17,root_864691136123729190,L4c,L4,True,True,aibs_metamodel_mtypes_v661_v2
8,5,838,47210,877,651.97,328.57,239.02,LM,1,0.730798,all_model_readouts_v1,,,,unassigned,False,False,
6,6,3283,16460,3546,898.06,147.96,263.29,AL,4,0.29693,all_model_readouts_v1,8.646911360909398e+17,root_864691136090939828,L3b,L23,True,False,aibs_metamodel_mtypes_v661_v2
9,4,6366,23028,6814,479.18,171.88,188.04,LM,5,0.466364,all_model_readouts_v1,,,,unassigned,False,False,
9,6,2462,4028,2633,800.74,278.64,202.39,AL,2,0.160691,all_model_readouts_v1,8.64691135491443e+17,root_864691135491442919,L3a,L23,True,False,aibs_metamodel_mtypes_v661_v2
9,3,1431,16593,1552,1278.08,247.57,317.96,RL,2,0.612176,all_model_readouts_v1,8.646911369515622e+17,root_864691136951562207,L4b,L4,True,False,aibs_metamodel_mtypes_v661_v2
9,3,2555,1902,2731,1025.21,146.3,317.67,AL,2,0.495351,all_model_readouts_v1,8.646911357625912e+17,root_864691135762591286,L4b,L4,True,False,aibs_metamodel_mtypes_v661_v2
5,7,862,76617,931,617.04,578.07,167.15,V1,1,0.752817,all_model_readouts_v1,,,,unassigned,False,False,
9,4,7573,19081,8115,838.94,1156.88,190.73,V1,6,0.69004,all_model_readouts_v1,8.64691135781828e+17,root_864691135781827920,L2c,L23,True,False,aibs_metamodel_mtypes_v661_v2
9,3,5418,28196,5866,412.82,258.83,340.39,LM,5,0.702721,all_model_readouts_v1,,,,unassigned,False,False,
8,5,2872,40505,3022,286.47,318.22,251.29,LM,3,0.704831,all_model_readouts_v1,,,,unassigned,False,False,
9,3,1384,6642,1501,1151.76,159.7,317.58,AL,2,0.265699,all_model_readouts_v1,8.646911360327023e+17,root_864691136032702395,L4b,L4,True,True,aibs_metamodel_mtypes_v661_v2
5,7,6063,1029,6677,970.63,413.95,434.79,RL,6,0.811921,all_model_readouts_v1,8.646911362283368e+17,root_864691136228336721,L5a,L5,True,True,aibs_metamodel_mtypes_v661_v2
6,2,2393,50338,2607,240.79,251.34,292.03,LM,3,0.752982,all_model_readouts_v1,,,,unassigned,False,False,
9,3,7817,8038,8479,1024.0,419.25,340.31,RL,6,0.296722,all_model_readouts_v1,8.64691135123181e+17,root_864691135123181095,L4a,L4,True,True,aibs_metamodel_mtypes_v661_v2
5,7,3462,72649,3781,581.58,1069.06,301.33,V1,3,0.681623,all_model_readouts_v1,,,,unassigned,False,False,
5,6,6180,7805,6747,1222.21,278.27,442.56,RL,6,0.406669,all_model_readouts_v1,8.646911353452323e+17,root_864691135345232287,L5ET,L5,True,True,aibs_metamodel_mtypes_v661_v2
5,7,4728,43440,5199,895.51,462.21,299.55,V1,4,0.810283,all_model_readouts_v1,8.646911361446013e+17,root_864691136144601396,L4b,L4,True,True,aibs_metamodel_mtypes_v661_v2
7,5,7040,56971,7795,678.78,403.85,507.75,LM,7,0.541729,all_model_readouts_v1,,,,unassigned,False,False,
8,5,7115,22883,7533,983.03,371.55,370.74,RL,6,0.751327,all_model_readouts_v1,8.64691136024821e+17,root_864691136024821049,L4a,L4,True,True,aibs_metamodel_mtypes_v661_v2
9,3,6546,56782,7096,146.34,227.13,340.73,LM,5,0.258414,all_model_readouts_v1,,,,unassigned,False,False,
6,2,5109,4136,5537,687.38,385.08,425.17,LM,5,0.758279,all_model_readouts_v1,,,,unassigned,False,False,
7,3,5890,25828,6385,550.32,191.95,423.99,LM,5,0.760457,all_model_readouts_v1,,,,unassigned,False,False,
6,7,7346,1553,8045,1103.66,141.81,527.24,AL,8,0.632713,all_model_readouts_v1,8.646911353082426e+17,root_864691135308242502,L5ET,L5,True,True,aibs_metamodel_mtypes_v661_v2
8,5,1527,27459,1610,1256.56,307.8,230.0,RL,2,0.840793,all_model_readouts_v1,8.646911354768055e+17,root_864691135476805544,L3a,L23,True,True,aibs_metamodel_mtypes_v661_v2
5,6,1506,23036,1619,1152.55,542.87,170.04,RL,2,0.642877,all_model_readouts_v1,8.646911353560061e+17,root_864691135356006095,L2a,L23,True,True,aibs_metamodel_mtypes_v661_v2
8,5,2292,35056,2416,1311.16,184.06,230.5,RL,2,0.50369,all_model_readouts_v1,8.646911353862222e+17,root_864691135386222165,L3a,L23,True,True,aibs_metamodel_mtypes_v661_v2
6,2,7042,43034,7625,591.23,356.88,558.31,LM,7,0.818862,all_model_readouts_v1,,,,unassigned,False,False,
7,3,727,69544,789,194.98,1076.15,210.87,V1,1,0.481784,all_model_readouts_v1,,,,unassigned,False,False,
4,7,5836,2140,6579,942.51,201.45,372.82,AL,6,0.822616,all_model_readouts_v1,8.646911359694847e+17,root_864691135969484645,L4c,L4,True,False,aibs_metamodel_mtypes_v661_v2
5,6,1445,63089,1555,860.52,448.16,171.58,V1,2,0.58575,all_model_readouts_v1,8.646911365222793e+17,root_864691136522279313,L2b,L23,True,True,aibs_metamodel_mtypes_v661_v2
9,3,6646,6876,7227,971.7,128.48,339.04,AL,6,0.59321,all_model_readouts_v1,8.646911358417923e+17,root_864691135841792227,L4a,L4,True,True,aibs_metamodel_mtypes_v661_v2
5,6,1362,30159,1466,962.38,301.42,169.87,RL,2,0.92688,all_model_readouts_v1,8.646911361367786e+17,root_864691136136778621,L2c,L23,True,True,aibs_metamodel_mtypes_v661_v2
9,3,3449,50293,3716,577.04,902.1,334.11,V1,3,,all_model_readouts_v1,,,,unassigned,False,False,
9,3,4177,62200,4512,715.65,406.91,329.86,LM,4,0.716299,all_model_readouts_v1,,,,unassigned,False,False,
5,6,3894,6452,4245,1242.03,254.06,304.25,RL,4,0.6962,all_model_readouts_v1,8.646911359255409e+17,root_864691135925540878,L4a,L4,True,True,aibs_metamodel_mtypes_v661_v2
9,4,1264,45242,1344,683.67,265.19,169.58,LM,1,0.549052,all_model_readouts_v1,,,,unassigned,False,False,
5,6,6810,782,7434,843.74,129.42,443.08,AL,6,0.571426,all_model_readouts_v1,8.646911361192845e+17,root_864691136119284504,L5ET,L5,True,True,aibs_metamodel_mtypes_v661_v2
6,6,7768,1368,8343,1074.09,127.18,528.04,AL,8,0.250495,all_model_readouts_v1,8.64691136939576e+17,root_864691136939576031,L6short-a,unassigned,True,False,aibs_metamodel_mtypes_v661_v2
9,6,2618,43734,2815,540.89,288.76,222.12,LM,3,0.59257,all_model_readouts_v1,,,,unassigned,False,False,
6,4,5991,19388,6488,734.87,210.44,410.4,LM,6,0.89731,all_model_readouts_v1,,,,unassigned,False,False,
5,6,2611,59656,2848,276.09,340.6,309.96,LM,3,0.480984,all_model_readouts_v1,,,,unassigned,False,False,
5,6,3710,4344,4015,609.85,377.03,311.53,LM,3,0.503505,all_model_readouts_v1,,,,unassigned,False,False,
6,4,6758,14064,7300,1064.89,482.71,410.87,RL,6,0.8813,all_model_readouts_v1,8.64691135737778e+17,root_864691135737778052,L5a,L5,True,True,aibs_metamodel_mtypes_v661_v2
7,5,2015,30856,2221,1151.4,414.78,193.69,RL,2,0.45151,all_model_readouts_v1,8.646911352794223e+17,root_864691135279422369,L2a,L23,True,False,aibs_metamodel_mtypes_v661_v2
9,3,1378,2469,1494,951.73,163.09,317.88,AL,2,0.39201,all_model_readouts_v1,8.646911366952573e+17,root_864691136695257341,L4b,L4,True,False,aibs_metamodel_mtypes_v661_v2
7,5,2013,31586,2219,1100.74,417.38,193.74,RL,2,0.858996,all_model_readouts_v1,8.646911363106705e+17,root_864691136310670426,L3a,L23,True,True,aibs_metamodel_mtypes_v661_v2
6,2,112,63730,124,706.49,406.32,155.34,LM,1,0.701962,all_model_readouts_v1,,,,unassigned,False,False,
6,4,6021,1595,6521,937.37,250.77,409.53,AL,6,0.846219,all_model_readouts_v1,8.646911360097409e+17,root_864691136009740972,L5a,L5,True,True,aibs_metamodel_mtypes_v661_v2
6,7,1422,24569,1591,888.64,397.44,122.01,RL,2,0.490245,all_model_readouts_v1,8.646911364519972e+17,root_864691136451997183,L2a,L23,True,False,aibs_metamodel_mtypes_v661_v2
7,5,3912,52505,4317,854.76,586.02,235.84,V1,4,0.784078,all_model_readouts_v1,8.646911356972243e+17,root_864691135697224346,L2c,L23,True,True,aibs_metamodel_mtypes_v661_v2
6,4,1416,50171,1538,945.68,831.85,137.85,V1,2,0.552144,all_model_readouts_v1,8.646911354811479e+17,root_864691135481147846,L2a,L23,True,True,aibs_metamodel_mtypes_v661_v2
5,7,1523,58856,1652,927.04,646.9,162.36,V1,2,0.492022,all_model_readouts_v1,8.646911363346528e+17,root_864691136334652851,L2c,L23,True,True,aibs_metamodel_mtypes_v661_v2
9,6,4735,30051,5082,1186.99,410.71,222.26,RL,4,0.500231,all_model_readouts_v1,8.646911363123423e+17,root_864691136312342333,L3a,L23,True,False,aibs_metamodel_mtypes_v661_v2
8,5,7278,30883,7707,857.06,626.2,369.69,V1,6,0.64601,all_model_readouts_v1,8.646911351356695e+17,root_864691135135669529,L4b,L4,True,False,aibs_metamodel_mtypes_v661_v2
6,4,4237,7138,4599,967.07,252.8,272.25,AL,4,,all_model_readouts_v1,,,,unassigned,False,False,
9,6,1871,38152,2012,875.67,1016.84,206.42,V1,2,0.547267,all_model_readouts_v1,8.646911357173363e+17,root_864691135717336346,L3a,L23,True,True,aibs_metamodel_mtypes_v661_v2
4,7,6680,52356,7509,586.54,961.86,515.64,V1,7,0.750825,all_model_readouts_v1,,,,unassigned,False,False,
6,2,4795,17557,5187,887.03,374.32,288.6,RL,4,0.548444,all_model_readouts_v1,8.646911363298189e+17,root_864691136329818858,L3b,L23,True,True,aibs_metamodel_mtypes_v661_v2
9,4,5175,10599,5550,832.28,231.36,177.67,AL,4,0.543845,all_model_readouts_v1,8.646911348857126e+17,root_864691134885712634,L3a,L23,True,True,aibs_metamodel_mtypes_v661_v2
9,4,3410,12052,3670,164.93,710.03,181.51,V1,3,0.809364,all_model_readouts_v1,,,,unassigned,False,False,
6,4,2098,1140,2302,824.15,293.73,135.06,AL,2,0.863293,all_model_readouts_v1,8.646911354079672e+17,root_864691135407967177,L2b,L23,True,True,aibs_metamodel_mtypes_v661_v2
9,6,2087,14472,2244,1145.16,392.64,199.74,RL,2,0.785083,all_model_readouts_v1,8.64691135123189e+17,root_864691135123189031,L3a,L23,True,True,aibs_metamodel_mtypes_v661_v2
8,5,9224,4828,9815,1167.14,371.25,505.28,RL,8,0.580622,all_model_readouts_v1,8.64691135731185e+17,root_864691135731185081,L5NP,L5,True,False,aibs_metamodel_mtypes_v661_v2
6,2,6681,6318,7234,1001.23,98.13,421.92,AL,6,0.5833,all_model_readouts_v1,8.646911362746412e+17,root_864691136274641165,L5ET,L5,True,True,aibs_metamodel_mtypes_v661_v2
8,5,7119,4619,7537,1048.9,386.96,370.58,RL,6,0.651844,all_model_readouts_v1,8.646911354746511e+17,root_864691135474651200,L4a,L4,True,True,aibs_metamodel_mtypes_v661_v2
6,2,3511,96261,3800,263.03,852.12,292.02,V1,3,0.778168,all_model_readouts_v1,,,,unassigned,False,False,
6,7,1800,29371,2002,709.16,512.36,261.89,V1,3,0.747539,all_model_readouts_v1,,,,unassigned,False,False,
9,6,1239,45794,1322,540.22,208.66,201.77,LM,1,0.692502,all_model_readouts_v1,,,,unassigned,False,False,
6,7,1581,56668,1772,315.88,247.83,261.89,LM,3,0.565746,all_model_readouts_v1,,,,unassigned,False,False,
9,3,608,68004,655,275.19,999.05,325.35,V1,1,0.428201,all_model_readouts_v1,,,,unassigned,False,False,
6,4,4629,20544,5018,1122.28,466.43,272.93,RL,4,0.782931,all_model_readouts_v1,8.646911360514906e+17,root_864691136051490547,L3a,L23,True,True,aibs_metamodel_mtypes_v661_v2
8,5,3782,39460,3977,636.02,288.55,250.63,LM,3,0.867747,all_model_readouts_v1,,,,unassigned,False,False,
7,5,7684,65719,8472,719.16,413.93,508.02,LM,7,0.610423,all_model_readouts_v1,,,,unassigned,False,False,
6,6,7630,5170,8201,1178.02,742.37,535.53,V1,8,0.612349,all_model_readouts_v1,8.646911362742209e+17,root_864691136274220990,L5NP,L5,True,True,aibs_metamodel_mtypes_v661_v2
5,7,5456,32149,5998,329.39,1055.6,440.37,V1,5,0.674082,all_model_readouts_v1,,,,unassigned,False,False,
6,4,747,21950,801,618.3,379.83,143.27,LM,1,0.673858,all_model_readouts_v1,,,,unassigned,False,False,
5,7,1330,25311,1444,1230.13,315.45,156.59,RL,2,0.61809,all_model_readouts_v1,8.646911357252179e+17,root_864691135725217963,L2a,L23,True,True,aibs_metamodel_mtypes_v661_v2
7,5,8084,535,8908,1298.25,275.08,502.39,RL,8,,all_model_readouts_v1,,,,unassigned,False,False,
5,7,6420,355,7067,1089.03,64.9,429.78,AL,6,0.263756,all_model_readouts_v1,,,,unassigned,False,False,
8,5,985,76909,1034,283.0,548.16,237.6,V1,1,0.664366,all_model_readouts_v1,,,,unassigned,False,False,
8,5,9923,1007,10556,998.27,225.55,506.74,AL,8,0.538952,all_model_readouts_v1,8.646911351824781e+17,root_864691135182478082,L5ET,L5,True,False,aibs_metamodel_mtypes_v661_v2
6,7,5645,13045,6210,1189.1,506.33,394.11,RL,6,,all_model_readouts_v1,,,,unassigned,False,False,
6,2,6680,8191,7233,1084.73,108.36,422.0,AL,6,0.455224,all_model_readouts_v1,,,,unassigned,False,False,
6,2,6991,49286,7574,266.41,195.87,558.01,LM,7,0.590216,all_model_readouts_v1,,,,unassigned,False,False,
7,3,7081,54724,7653,731.19,358.13,487.98,LM,7,0.58231,all_model_readouts_v1,,,,unassigned,False,False,
4,7,4979,10914,5603,789.32,431.41,376.49,LM,6,0.610487,all_model_readouts_v1,,,,unassigned,False,False,
8,5,6188,95224,6534,424.87,998.54,374.76,V1,5,0.72988,all_model_readouts_v1,,,,unassigned,False,False,
9,4,3962,2367,4260,803.77,293.3,178.35,LM,4,0.607861,all_model_readouts_v1,8.646911363903912e+17,root_864691136390391167,L2a,L23,True,False,aibs_metamodel_mtypes_v661_v2
5,6,7905,7203,8560,769.37,119.84,566.3,AL,8,0.461633,all_model_readouts_v1,,,,unassigned,False,False,
5,6,8402,4798,9063,1027.53,224.81,568.63,AL,8,0.419194,all_model_readouts_v1,8.646911355689725e+17,root_864691135568972524,L6short-a,unassigned,True,False,aibs_metamodel_mtypes_v661_v2
9,4,7685,312,8231,1112.31,435.93,188.38,RL,6,0.53394,all_model_readouts_v1,8.646911350657755e+17,root_864691135065775428,L3a,L23,True,True,aibs_metamodel_mtypes_v661_v2
6,2,7395,94034,7980,366.82,1113.63,560.03,V1,7,0.569844,all_model_readouts_v1,,,,unassigned,False,False,
8,5,4625,39627,4865,1007.78,770.09,238.05,V1,4,0.546927,all_model_readouts_v1,8.646911355761641e+17,root_864691135576164126,L3b,L23,True,False,aibs_metamodel_mtypes_v661_v2
6,4,2235,45314,2451,401.51,288.06,278.06,LM,3,0.723254,all_model_readouts_v1,,,,unassigned,False,False,
8,5,1584,57205,1669,723.85,414.13,233.65,LM,2,0.262399,all_model_readouts_v1,,,,unassigned,False,False,
5,7,2189,3433,2401,787.8,234.01,159.84,AL,2,0.382923,all_model_readouts_v1,,,,unassigned,False,False,
9,4,2641,51691,2853,572.96,308.8,178.42,LM,3,0.526446,all_model_readouts_v1,,,,unassigned,False,False,
5,7,5327,73355,5855,206.81,802.59,438.77,V1,5,0.66033,all_model_readouts_v1,,,,unassigned,False,False,
6,4,6116,6089,6621,1212.0,473.09,409.88,RL,6,0.728355,all_model_readouts_v1,8.646911353396864e+17,root_864691135339686374,L5b,L5,True,True,aibs_metamodel_mtypes_v661_v2
7,3,7617,41182,8228,551.41,299.9,487.98,LM,7,0.144889,all_model_readouts_v1,,,,unassigned,False,False,
9,6,1469,38476,1592,1270.06,437.86,198.8,RL,2,0.598436,all_model_readouts_v1,8.646911364368344e+17,root_864691136436834462,L3a,L23,True,True,aibs_metamodel_mtypes_v661_v2
7,5,6626,8696,7339,1092.17,137.25,365.43,AL,6,0.623395,all_model_readouts_v1,8.646911362103425e+17,root_864691136210342588,L4a,L4,True,False,aibs_metamodel_mtypes_v661_v2
9,6,3957,43074,4263,755.16,416.92,225.26,LM,4,0.151006,all_model_readouts_v1,,,,unassigned,False,False,
6,4,6066,2995,6570,832.5,372.57,411.28,RL,6,0.791103,all_model_readouts_v1,8.64691136389209e+17,root_864691136389208951,L5a,L5,True,True,aibs_metamodel_mtypes_v661_v2
4,7,3303,10074,3756,777.34,321.73,242.58,LM,4,0.915971,all_model_readouts_v1,,,,unassigned,False,False,
7,5,6999,50066,7754,669.07,331.49,507.22,LM,7,0.405259,all_model_readouts_v1,,,,unassigned,False,False,
7,3,225,73305,240,549.73,414.84,214.21,V1,1,,all_model_readouts_v1,,,,unassigned,False,False,
5,7,2228,38822,2442,1072.29,1010.2,164.37,V1,2,0.655517,all_model_readouts_v1,8.646911360435411e+17,root_864691136043541078,L2b,L23,True,True,aibs_metamodel_mtypes_v661_v2
6,7,4107,13850,4520,1013.6,177.67,254.83,AL,4,0.691308,all_model_readouts_v1,8.646911362277062e+17,root_864691136227706193,L3a,L23,True,False,aibs_metamodel_mtypes_v661_v2
6,2,3776,1812,4105,1141.34,260.08,284.82,RL,4,,all_model_readouts_v1,,,,unassigned,False,False,
9,4,6681,1555,7166,825.8,370.15,188.71,LM,6,0.559957,all_model_readouts_v1,8.646911357263562e+17,root_864691135726356287,L2c,L23,True,False,aibs_metamodel_mtypes_v661_v2
6,7,60,86706,69,600.02,495.44,125.89,V1,1,0.479299,all_model_readouts_v1,,,,unassigned,False,False,
9,6,3822,28160,4117,733.02,229.85,224.62,LM,4,0.513852,all_model_readouts_v1,,,,unassigned,False,False,
5,7,8073,3971,8797,1156.81,363.55,565.55,RL,8,,all_model_readouts_v1,,,,unassigned,False,False,
7,5,31,50262,34,250.12,183.28,199.79,LM,1,0.624069,all_model_readouts_v1,,,,unassigned,False,False,
9,6,2083,19823,2240,1147.46,518.39,200.52,RL,2,0.46557,all_model_readouts_v1,8.646911354475258e+17,root_864691135447525716,L2c,L23,True,True,aibs_metamodel_mtypes_v661_v2
6,7,6231,2431,6873,1204.9,107.54,390.11,AL,6,0.814837,all_model_readouts_v1,8.646911357413144e+17,root_864691135741314411,L5ET,L5,True,False,aibs_metamodel_mtypes_v661_v2
7,5,3616,10587,3996,942.44,169.92,232.95,AL,4,0.625731,all_model_readouts_v1,8.646911361388381e+17,root_864691136138838141,L3a,L23,True,False,aibs_metamodel_mtypes_v661_v2
7,3,6999,28244,7569,333.63,199.07,487.97,LM,7,0.870807,all_model_readouts_v1,,,,unassigned,False,False,
9,6,5113,38456,5481,1191.78,445.48,222.38,RL,4,0.587646,all_model_readouts_v1,8.646911359377475e+17,root_864691135937747460,L3a,L23,True,False,aibs_metamodel_mtypes_v661_v2
9,4,200,41493,214,618.08,485.07,170.37,V1,1,0.622109,all_model_readouts_v1,,,,unassigned,False,False,
5,7,3338,61387,3655,456.38,243.04,303.71,LM,3,0.40299,all_model_readouts_v1,,,,unassigned,False,False,
8,5,2729,14872,2871,1089.95,438.39,230.39,RL,2,0.542976,all_model_readouts_v1,8.646911359766148e+17,root_864691135976614723,L3a,L23,True,False,aibs_metamodel_mtypes_v661_v2
6,7,1048,42167,1185,1173.85,863.23,122.13,V1,2,0.559187,all_model_readouts_v1,8.646911369252078e+17,root_864691136925207780,L2b,L23,True,True,aibs_metamodel_mtypes_v661_v2
6,7,2851,3742,3148,1090.73,98.11,253.5,AL,4,0.490461,all_model_readouts_v1,8.646911359259195e+17,root_864691135925919502,L3b,L23,True,False,aibs_metamodel_mtypes_v661_v2
4,7,4919,14593,5538,1238.44,305.47,367.2,RL,6,0.834431,all_model_readouts_v1,8.646911354917422e+17,root_864691135491742183,L4b,L4,True,True,aibs_metamodel_mtypes_v661_v2
9,4,7231,72935,7746,1083.14,1125.69,190.22,V1,6,,all_model_readouts_v1,,,,unassigned,False,False,
9,4,2605,43250,2816,306.1,275.3,179.09,LM,3,0.464151,all_model_readouts_v1,,,,unassigned,False,False,
6,2,528,44377,582,614.16,999.79,151.12,V1,1,0.616391,all_model_readouts_v1,,,,unassigned,False,False,
5,7,6811,9496,7508,1054.49,194.53,431.55,AL,6,0.899666,all_model_readouts_v1,8.646911354466881e+17,root_864691135446688084,L4c,L4,True,True,aibs_metamodel_mtypes_v661_v2
9,4,78,18681,85,336.91,332.93,170.48,LM,1,0.309314,all_model_readouts_v1,,,,unassigned,False,False,
6,2,4845,2598,5242,871.8,85.92,286.56,AL,4,0.8426,all_model_readouts_v1,8.646911357584992e+17,root_864691135758499150,L3b,L23,True,True,aibs_metamodel_mtypes_v661_v2
6,7,6034,10408,6652,1007.04,79.65,389.81,AL,6,0.718838,all_model_readouts_v1,8.646911360118102e+17,root_864691136011810211,L4c,L4,True,False,aibs_metamodel_mtypes_v661_v2
9,3,5384,50414,5830,286.06,190.99,340.2,LM,5,0.173286,all_model_readouts_v1,,,,unassigned,False,False,
5,6,5141,19815,5609,524.17,196.55,445.49,LM,5,0.862258,all_model_readouts_v1,,,,unassigned,False,False,
8,5,9710,16365,10332,989.46,449.13,505.82,RL,8,0.698109,all_model_readouts_v1,8.646911353948692e+17,root_864691135394869237,L6short-a,unassigned,True,False,aibs_metamodel_mtypes_v661_v2
7,5,5993,12164,6641,786.25,184.19,366.36,AL,6,0.480897,all_model_readouts_v1,,,,unassigned,False,False,
6,2,4478,17231,4846,878.34,207.75,287.42,AL,4,0.812218,all_model_readouts_v1,8.646911351365967e+17,root_864691135136596761,L3b,L23,True,True,aibs_metamodel_mtypes_v661_v2
9,4,777,56644,829,238.09,283.02,170.53,LM,1,0.633869,all_model_readouts_v1,,,,unassigned,False,False,
9,4,4775,5697,5126,1281.49,295.16,173.64,RL,4,0.480875,all_model_readouts_v1,8.646911357400096e+17,root_864691135740009620,L2c,L23,True,False,aibs_metamodel_mtypes_v661_v2
6,4,8132,7021,8733,851.26,290.12,542.99,AL,8,0.507414,all_model_readouts_v1,8.646911358654956e+17,root_864691135865495516,L6tall-a,unassigned,True,False,aibs_metamodel_mtypes_v661_v2
7,3,389,63612,426,625.22,640.47,213.86,V1,1,0.413811,all_model_readouts_v1,,,,unassigned,False,False,
7,3,4104,24731,4450,1258.07,439.47,345.57,RL,4,0.386905,all_model_readouts_v1,8.646911356985539e+17,root_864691135698553877,L4a,L4,True,False,aibs_metamodel_mtypes_v661_v2
7,3,7911,4322,8543,1110.52,239.47,487.94,RL,8,0.313167,all_model_readouts_v1,8.646911350134372e+17,root_864691135013437174,L6short-a,unassigned,True,False,aibs_metamodel_mtypes_v661_v2
4,7,520,7738,651,997.42,335.58,104.78,RL,2,0.653091,all_model_readouts_v1,8.64691135807519e+17,root_864691135807519005,L2a,L23,True,True,aibs_metamodel_mtypes_v661_v2
8,5,9108,4422,9683,260.0,148.31,511.94,LM,7,0.519029,all_model_readouts_v1,,,,unassigned,False,False,
8,5,7702,9453,8171,1307.9,356.75,370.41,RL,6,0.6759,all_model_readouts_v1,8.646911359528586e+17,root_864691135952858659,L5a,L5,True,False,aibs_metamodel_mtypes_v661_v2
9,3,1506,11694,1629,1029.59,367.25,319.06,RL,2,0.558713,all_model_readouts_v1,8.646911360410236e+17,root_864691136041023574,L4a,L4,True,False,aibs_metamodel_mtypes_v661_v2
6,2,6373,19714,6893,817.24,810.27,426.38,V1,6,0.877128,all_model_readouts_v1,8.646911356969038e+17,root_864691135696903834,L5a,L5,True,True,aibs_metamodel_mtypes_v661_v2
7,5,831,64159,908,559.13,166.31,200.59,LM,1,0.828309,all_model_readouts_v1,,,,unassigned,False,False,
6,7,7338,7736,8037,775.93,148.24,525.72,AL,8,0.312247,all_model_readouts_v1,,,,unassigned,False,False,
5,7,6807,6414,7504,1262.24,450.92,432.43,RL,6,0.730498,all_model_readouts_v1,8.646911360843132e+17,root_864691136084313196,L5ET,L5,True,False,aibs_metamodel_mtypes_v661_v2
8,5,8044,3002,8550,940.99,202.44,371.59,AL,6,0.86959,all_model_readouts_v1,8.646911359694847e+17,root_864691135969484645,L4c,L4,True,True,aibs_metamodel_mtypes_v661_v2
4,7,7245,3194,8124,945.22,1090.14,508.12,V1,8,0.827161,all_model_readouts_v1,8.64691135490864e+17,root_864691135490863975,L5b,L5,True,False,aibs_metamodel_mtypes_v661_v2
5,6,1948,26123,2120,850.79,428.42,171.52,RL,2,0.280866,all_model_readouts_v1,8.64691136952716e+17,root_864691136952715999,L2c,L23,True,False,aibs_metamodel_mtypes_v661_v2
6,4,1769,27471,1942,1304.69,624.53,136.4,RL,2,0.571077,all_model_readouts_v1,8.646911352080449e+17,root_864691135208044921,L2a,L23,True,True,aibs_metamodel_mtypes_v661_v2
9,4,3103,48921,3343,722.89,915.72,180.74,V1,3,0.644676,all_model_readouts_v1,,,,unassigned,False,False,
5,7,8092,6032,8817,1011.83,135.66,565.08,AL,8,0.520853,all_model_readouts_v1,8.646911358742867e+17,root_864691135874286734,L5ET,L5,True,False,aibs_metamodel_mtypes_v661_v2
4,7,4266,6774,4802,762.15,148.66,379.9,AL,5,0.717969,all_model_readouts_v1,,,,unassigned,False,False,
7,3,6085,16561,6595,735.1,342.21,424.02,LM,5,0.741514,all_model_readouts_v1,,,,unassigned,False,False,
8,5,4283,20124,4508,991.3,318.6,240.53,RL,4,0.712547,all_model_readouts_v1,8.646911360247155e+17,root_864691136024715577,L3a,L23,True,True,aibs_metamodel_mtypes_v661_v2
9,3,6114,36230,6633,623.62,220.74,339.69,LM,5,0.7602,all_model_readouts_v1,,,,unassigned,False,False,
8,5,2582,39381,2714,1151.17,421.35,230.01,RL,2,0.660718,all_model_readouts_v1,8.646911362272836e+17,root_864691136227283537,L3a,L23,True,True,aibs_metamodel_mtypes_v661_v2
8,5,4231,17132,4452,857.3,226.08,241.9,AL,4,0.598857,all_model_readouts_v1,8.646911363797804e+17,root_864691136379780309,L3a,L23,True,False,aibs_metamodel_mtypes_v661_v2
6,6,2684,78600,2913,317.13,506.68,269.29,V1,3,0.782352,all_model_readouts_v1,,,,unassigned,False,False,
7,5,5991,10097,6639,765.9,204.13,366.53,AL,6,0.69032,all_model_readouts_v1,,,,unassigned,False,False,
4,7,6350,72082,7158,584.24,934.37,515.56,V1,7,0.754655,all_model_readouts_v1,,,,unassigned,False,False,
7,5,5972,9412,6613,937.92,164.46,365.92,AL,6,0.79337,all_model_readouts_v1,8.646911365617979e+17,root_864691136561797885,L4a,L4,True,True,aibs_metamodel_mtypes_v661_v2
6,4,2064,9567,2261,847.3,276.27,134.94,AL,2,0.729931,all_model_readouts_v1,8.646911358649745e+17,root_864691135864974462,L2a,L23,True,True,aibs_metamodel_mtypes_v661_v2
6,7,5483,3341,6040,939.64,256.48,391.58,AL,6,0.544751,all_model_readouts_v1,8.646911366029944e+17,root_864691136602994385,L5a,L5,True,False,aibs_metamodel_mtypes_v661_v2
8,5,2236,15932,2358,879.52,362.86,232.74,RL,2,0.707605,all_model_readouts_v1,8.646911355035716e+17,root_864691135503571637,L3b,L23,True,False,aibs_metamodel_mtypes_v661_v2
6,2,1196,13882,1308,1029.4,273.37,147.57,RL,2,0.398919,all_model_readouts_v1,8.64691135857176e+17,root_864691135857176110,L2b,L23,True,True,aibs_metamodel_mtypes_v661_v2
9,4,5112,25295,5480,754.14,1010.37,183.49,V1,4,0.367781,all_model_readouts_v1,,,,unassigned,False,False,
8,5,9014,37990,9587,343.57,220.86,511.93,LM,7,0.327208,all_model_readouts_v1,,,,unassigned,False,False,
7,5,6391,49228,7072,1017.04,723.77,369.32,V1,6,0.57504,all_model_readouts_v1,8.646911361438764e+17,root_864691136143876404,L4c,L4,True,False,aibs_metamodel_mtypes_v661_v2
5,6,5777,46798,6304,471.98,293.25,445.77,LM,5,0.636081,all_model_readouts_v1,,,,unassigned,False,False,
8,5,2230,42054,2351,754.52,399.41,233.51,LM,2,,all_model_readouts_v1,,,,unassigned,False,False,
7,5,7871,79021,8672,763.54,560.67,502.89,V1,8,0.688166,all_model_readouts_v1,,,,unassigned,False,False,
6,2,884,98460,956,207.73,842.48,149.59,V1,1,0.273807,all_model_readouts_v1,,,,unassigned,False,False,
6,7,3014,14432,3327,1031.94,366.58,256.5,RL,4,0.113895,all_model_readouts_v1,8.646911357779191e+17,root_864691135777919165,L3a,L23,True,True,aibs_metamodel_mtypes_v661_v2
9,3,7430,33928,8069,1301.56,654.74,340.37,V1,6,0.436594,all_model_readouts_v1,8.646911361355245e+17,root_864691136135524491,L4a,L4,True,False,aibs_metamodel_mtypes_v661_v2
5,6,3805,3665,4140,879.83,86.72,306.44,AL,4,0.48904,all_model_readouts_v1,8.646911353833213e+17,root_864691135383321306,L4a,L4,True,False,aibs_metamodel_mtypes_v661_v2
7,5,869,786,949,534.56,366.5,199.68,LM,1,0.785197,all_model_readouts_v1,,,,unassigned,False,False,
6,6,5926,18675,6384,1325.08,494.73,400.76,RL,6,0.503331,all_model_readouts_v1,8.646911354465747e+17,root_864691135446574738,L5a,L5,True,False,aibs_metamodel_mtypes_v661_v2
9,3,7673,12673,8329,1284.02,595.03,340.14,RL,6,0.606481,all_model_readouts_v1,8.646911359454564e+17,root_864691135945456420,L4b,L4,True,True,aibs_metamodel_mtypes_v661_v2
6,4,4292,7450,4659,1047.39,91.25,270.28,AL,4,0.719092,all_model_readouts_v1,,,,unassigned,False,False,
7,5,6796,67,7519,1067.26,92.27,365.19,AL,6,0.603694,all_model_readouts_v1,,,,unassigned,False,False,
6,6,4588,31440,4949,663.46,194.03,406.06,LM,5,0.919024,all_model_readouts_v1,,,,unassigned,False,False,
7,5,1934,36976,2138,1049.63,245.65,192.74,RL,2,0.737981,all_model_readouts_v1,8.646911358843532e+17,root_864691135884353136,L3a,L23,True,True,aibs_metamodel_mtypes_v661_v2
5,6,6254,2436,6822,1176.71,450.26,444.34,RL,6,0.488034,all_model_readouts_v1,8.646911360326632e+17,root_864691136032663227,L5a,L5,True,True,aibs_metamodel_mtypes_v661_v2
6,2,2927,83775,3177,430.65,916.85,291.99,V1,3,0.486282,all_model_readouts_v1,,,,unassigned,False,False,
7,3,1392,10267,1513,1058.84,274.05,207.79,RL,2,0.764743,all_model_readouts_v1,8.64691135208708e+17,root_864691135208707961,L3a,L23,True,True,aibs_metamodel_mtypes_v661_v2
5,6,2800,75283,3045,538.24,569.62,311.2,V1,3,,all_model_readouts_v1,,,,unassigned,False,False,
9,3,6711,9610,7299,1085.22,233.61,339.11,RL,6,,all_model_readouts_v1,,,,unassigned,False,False,
7,5,6620,1178,7332,1318.7,237.46,365.59,RL,6,0.641581,all_model_readouts_v1,8.646911359953184e+17,root_864691135995318442,L4a,L4,True,True,aibs_metamodel_mtypes_v661_v2
9,4,5317,40614,5701,172.36,385.54,190.74,V1,5,0.641348,all_model_readouts_v1,,,,unassigned,False,False,
6,2,1300,15362,1422,1336.42,468.53,146.76,RL,2,0.632779,all_model_readouts_v1,8.64691134964832e+17,root_864691134964832031,L2a,L23,True,True,aibs_metamodel_mtypes_v661_v2
9,4,5267,13121,5649,160.35,301.35,190.4,LM,5,0.141032,all_model_readouts_v1,,,,unassigned,False,False,
6,2,7717,15065,8308,1107.16,272.41,558.03,RL,8,,all_model_readouts_v1,,,,unassigned,False,False,
9,4,2496,11254,2687,930.55,338.64,167.26,RL,2,,all_model_readouts_v1,,,,unassigned,False,False,
7,5,3812,5749,4209,1321.85,431.34,231.84,RL,4,0.772821,all_model_readouts_v1,8.646911361756032e+17,root_864691136175603206,L3a,L23,True,False,aibs_metamodel_mtypes_v661_v2
8,5,5350,8357,5634,1130.09,148.25,240.5,AL,4,0.537519,all_model_readouts_v1,8.646911358009189e+17,root_864691135800918882,L3a,L23,True,False,aibs_metamodel_mtypes_v661_v2
5,7,4949,25340,5446,884.16,370.4,298.99,RL,4,0.810169,all_model_readouts_v1,8.646911369040652e+17,root_864691136904065202,L4b,L4,True,True,aibs_metamodel_mtypes_v661_v2
7,3,378,63996,410,346.02,637.65,212.74,V1,1,0.71261,all_model_readouts_v1,,,,unassigned,False,False,
6,2,7341,37260,7925,334.89,256.0,558.13,LM,7,0.714892,all_model_readouts_v1,,,,unassigned,False,False,
5,7,1286,38266,1398,1145.25,244.13,156.7,RL,2,0.62162,all_model_readouts_v1,8.6469113574075e+17,root_864691135740749931,L2a,L23,True,True,aibs_metamodel_mtypes_v661_v2
9,3,1530,19740,1654,1054.86,384.83,319.14,RL,2,0.691636,all_model_readouts_v1,8.64691135082163e+17,root_864691135082162935,L4b,L4,True,True,aibs_metamodel_mtypes_v661_v2
4,7,4792,9196,5385,1010.42,79.0,371.14,AL,6,0.76461,all_model_readouts_v1,8.646911360118102e+17,root_864691136011810211,L4c,L4,True,True,aibs_metamodel_mtypes_v661_v2
5,6,6070,44526,6621,620.6,243.67,446.22,LM,5,0.654598,all_model_readouts_v1,,,,unassigned,False,False,
7,3,5413,70545,5872,363.0,631.84,424.0,V1,5,0.785256,all_model_readouts_v1,,,,unassigned,False,False,
6,2,3702,18896,4020,1160.5,96.0,283.34,AL,4,0.071955,all_model_readouts_v1,8.646911354463945e+17,root_864691135446394514,L3b,L23,True,True,aibs_metamodel_mtypes_v661_v2
5,6,6645,11713,7254,1042.52,64.3,441.52,AL,6,0.647631,all_model_readouts_v1,,,,unassigned,False,False,
6,4,3739,67111,4070,1020.37,503.74,274.0,V1,4,0.916112,all_model_readouts_v1,8.646911351048493e+17,root_864691135104849229,L3b,L23,True,True,aibs_metamodel_mtypes_v661_v2
6,7,6148,65527,6786,763.93,318.39,392.19,LM,6,0.822504,all_model_readouts_v1,,,,unassigned,False,False,
6,2,4083,49244,4429,1117.31,695.15,288.43,V1,4,0.400664,all_model_readouts_v1,8.646911359948968e+17,root_864691135994896810,L4b,L4,True,True,aibs_metamodel_mtypes_v661_v2
9,3,2115,15033,2273,1300.6,334.63,318.48,RL,2,0.696819,all_model_readouts_v1,8.646911359455421e+17,root_864691135945542180,L4b,L4,True,True,aibs_metamodel_mtypes_v661_v2
5,7,5268,102129,5788,276.91,698.54,438.59,V1,5,0.646512,all_model_readouts_v1,,,,unassigned,False,False,
7,5,6028,9964,6678,906.9,259.27,366.59,AL,6,0.123859,all_model_readouts_v1,8.64691135859581e+17,root_864691135859581032,L4a,L4,True,False,aibs_metamodel_mtypes_v661_v2
9,6,4625,40501,4963,1299.23,555.19,222.1,RL,4,0.548191,all_model_readouts_v1,8.646911354949152e+17,root_864691135494915216,L2c,L23,True,True,aibs_metamodel_mtypes_v661_v2
7,5,4000,41059,4408,1248.57,673.03,233.67,V1,4,0.477499,all_model_readouts_v1,8.646911354787308e+17,root_864691135478730694,L3a,L23,True,False,aibs_metamodel_mtypes_v661_v2
5,6,2130,80849,2319,1205.36,1055.1,173.0,V1,2,,all_model_readouts_v1,,,,unassigned,False,False,
9,3,6166,97702,6695,435.89,1163.53,346.33,V1,5,0.573948,all_model_readouts_v1,,,,unassigned,False,False,
6,6,3314,12940,3581,909.99,227.5,263.83,AL,4,0.52792,all_model_readouts_v1,8.646911361266836e+17,root_864691136126683686,L3b,L23,True,True,aibs_metamodel_mtypes_v661_v2
5,6,4302,12160,4683,1047.22,853.03,311.0,V1,4,0.619348,all_model_readouts_v1,8.646911357570401e+17,root_864691135757040082,L4a,L4,True,True,aibs_metamodel_mtypes_v661_v2
6,6,6365,8476,6871,960.02,82.67,397.33,AL,6,0.308298,all_model_readouts_v1,8.646911355026569e+17,root_864691135502656861,L5ET,L5,True,False,aibs_metamodel_mtypes_v661_v2
6,4,6040,10533,6541,1018.09,303.26,409.52,RL,6,0.535809,all_model_readouts_v1,8.646911360324435e+17,root_864691136032443579,L5a,L5,True,True,aibs_metamodel_mtypes_v661_v2
7,3,8352,23411,9014,1187.16,1070.74,487.95,V1,8,0.722366,all_model_readouts_v1,8.64691135491802e+17,root_864691135491801951,L5ET,L5,True,True,aibs_metamodel_mtypes_v661_v2
7,3,3634,67292,3929,541.63,726.11,350.3,V1,3,0.654309,all_model_readouts_v1,,,,unassigned,False,False,
4,7,7125,3758,7992,1131.97,84.98,503.24,AL,8,,all_model_readouts_v1,,,,unassigned,False,False,
7,5,6755,22834,7475,1205.38,194.84,365.56,RL,6,0.659293,all_model_readouts_v1,8.646911353678318e+17,root_864691135367831801,L4b,L4,True,False,aibs_metamodel_mtypes_v661_v2
9,6,3832,11778,4128,1026.12,209.74,222.52,AL,4,0.63308,all_model_readouts_v1,8.646911353420278e+17,root_864691135342027717,L3a,L23,True,False,aibs_metamodel_mtypes_v661_v2
7,5,6059,18017,6713,1068.41,274.51,366.35,RL,6,0.293435,all_model_readouts_v1,8.646911363896036e+17,root_864691136389603600,L4a,L4,True,True,aibs_metamodel_mtypes_v661_v2
4,7,7019,26520,7870,1228.1,783.94,505.34,V1,8,0.693174,all_model_readouts_v1,8.646911352793192e+17,root_864691135279319201,L5ET,L5,True,True,aibs_metamodel_mtypes_v661_v2
5,7,6434,5850,7081,962.74,222.07,432.73,AL,6,0.491667,all_model_readouts_v1,8.64691135816387e+17,root_864691135816386895,L5a,L5,True,False,aibs_metamodel_mtypes_v661_v2
5,7,2434,31325,2688,434.22,174.01,303.9,LM,3,0.540622,all_model_readouts_v1,,,,unassigned,False,False,
7,5,4025,56309,4435,1124.05,727.9,234.81,V1,4,0.370344,all_model_readouts_v1,8.646911360676128e+17,root_864691136067612824,L2c,L23,True,False,aibs_metamodel_mtypes_v661_v2
5,7,6070,19503,6684,1214.72,388.69,432.19,RL,6,0.849739,all_model_readouts_v1,8.646911358666771e+17,root_864691135866677125,L5a,L5,True,True,aibs_metamodel_mtypes_v661_v2
5,7,5104,87033,5613,523.05,381.47,438.16,V1,5,0.650739,all_model_readouts_v1,,,,unassigned,False,False,
8,5,2219,22560,2339,1033.61,477.78,230.56,RL,2,0.787292,all_model_readouts_v1,8.64691135947526e+17,root_864691135947525985,L3b,L23,True,True,aibs_metamodel_mtypes_v661_v2
6,4,3354,40801,3640,195.71,946.8,277.95,V1,3,0.688192,all_model_readouts_v1,,,,unassigned,False,False,
6,2,6971,7142,7554,1111.62,270.42,423.03,RL,6,0.644716,all_model_readouts_v1,8.646911351828398e+17,root_864691135182839810,L5a,L5,True,False,aibs_metamodel_mtypes_v661_v2
6,4,2955,67298,3226,317.96,581.68,278.01,V1,3,0.687647,all_model_readouts_v1,,,,unassigned,False,False,
6,6,3636,47759,3927,815.92,751.92,268.38,V1,4,0.457592,all_model_readouts_v1,8.646911359384532e+17,root_864691135938453301,L3b,L23,True,False,aibs_metamodel_mtypes_v661_v2
9,3,2838,22636,3041,484.53,309.02,329.24,LM,3,0.341368,all_model_readouts_v1,,,,unassigned,False,False,
4,7,2185,59362,2509,430.49,45.67,252.13,LM,3,0.696354,all_model_readouts_v1,,,,unassigned,False,False,
5,7,6402,6951,7047,996.62,578.39,436.38,V1,6,0.636485,all_model_readouts_v1,8.646911350135242e+17,root_864691135013524214,L5a,L5,True,True,aibs_metamodel_mtypes_v661_v2
5,6,6171,2309,6738,917.78,278.79,444.07,AL,6,0.32461,all_model_readouts_v1,8.646911353389688e+17,root_864691135338968806,L5a,L5,True,True,aibs_metamodel_mtypes_v661_v2
7,3,2321,30243,2499,1116.22,401.34,208.44,RL,2,0.202724,all_model_readouts_v1,8.646911352729462e+17,root_864691135272946193,L3a,L23,True,False,aibs_metamodel_mtypes_v661_v2
7,3,3890,11272,4222,1071.95,121.44,343.27,AL,4,0.40632,all_model_readouts_v1,8.646911367410436e+17,root_864691136741043548,L4a,L4,True,False,aibs_metamodel_mtypes_v661_v2
6,4,8021,3658,8620,1300.59,221.31,542.65,RL,8,0.265031,all_model_readouts_v1,8.646911354165313e+17,root_864691135416531386,L5b,L5,True,True,aibs_metamodel_mtypes_v661_v2
9,4,1267,60673,1348,720.92,369.25,169.81,LM,1,0.263169,all_model_readouts_v1,,,,unassigned,False,False,
9,4,2573,27968,2782,637.92,153.26,177.51,LM,3,0.509912,all_model_readouts_v1,,,,unassigned,False,False,
6,4,4165,39023,4516,1258.26,1075.14,277.12,V1,4,0.72038,all_model_readouts_v1,8.646911352353048e+17,root_864691135235304793,L4b,L4,True,False,aibs_metamodel_mtypes_v661_v2
5,6,2636,85957,2874,219.46,375.25,309.69,V1,3,0.482292,all_model_readouts_v1,,,,unassigned,False,False,
8,5,1967,62888,2068,1092.73,946.89,226.43,V1,2,0.530179,all_model_readouts_v1,8.646911358500338e+17,root_864691135850033758,L2c,L23,True,False,aibs_metamodel_mtypes_v661_v2
7,3,1782,66026,1923,1052.42,845.16,212.48,V1,2,0.323033,all_model_readouts_v1,8.646911362686502e+17,root_864691136268650228,L3a,L23,True,False,aibs_metamodel_mtypes_v661_v2
6,6,2017,47610,2196,688.7,260.68,270.34,LM,3,0.733415,all_model_readouts_v1,,,,unassigned,False,False,
5,6,7369,69246,8015,142.9,889.13,580.34,V1,7,0.365702,all_model_readouts_v1,,,,unassigned,False,False,
9,4,4356,47071,4669,1106.52,820.64,178.78,V1,4,0.330059,all_model_readouts_v1,8.646911359159988e+17,root_864691135915998822,L2c,L23,True,True,aibs_metamodel_mtypes_v661_v2
6,6,6485,7324,7003,1327.1,210.7,397.8,RL,6,0.520936,all_model_readouts_v1,8.646911352938824e+17,root_864691135293882380,L5a,L5,True,False,aibs_metamodel_mtypes_v661_v2
7,5,2157,35451,2370,1133.39,439.72,193.85,RL,2,0.351727,all_model_readouts_v1,8.646911361237297e+17,root_864691136123729702,L2c,L23,True,False,aibs_metamodel_mtypes_v661_v2
6,2,4400,9951,4762,1124.71,133.28,284.04,AL,4,0.650674,all_model_readouts_v1,8.646911357261775e+17,root_864691135726177599,L3a,L23,True,True,aibs_metamodel_mtypes_v661_v2
7,5,4832,71606,5334,451.66,498.63,370.34,V1,5,0.804003,all_model_readouts_v1,,,,unassigned,False,False,
8,5,6662,74333,7029,286.53,1133.37,373.99,V1,5,0.502547,all_model_readouts_v1,,,,unassigned,False,False,
4,7,4720,58726,5290,730.21,255.65,379.96,LM,5,0.595707,all_model_readouts_v1,,,,unassigned,False,False,
9,3,6782,10844,7376,887.61,351.17,340.52,RL,6,0.506903,all_model_readouts_v1,8.646911365598836e+17,root_864691136559883682,L4b,L4,True,True,aibs_metamodel_mtypes_v661_v2
5,6,1382,21692,1486,903.42,333.99,170.52,RL,2,0.645327,all_model_readouts_v1,8.646911358649048e+17,root_864691135864904830,L2c,L23,True,True,aibs_metamodel_mtypes_v661_v2
5,7,3544,31555,3864,605.41,193.61,303.95,LM,3,0.881984,all_model_readouts_v1,,,,unassigned,False,False,
5,7,4808,15965,5284,1116.59,446.53,298.2,RL,4,,all_model_readouts_v1,,,,unassigned,False,False,
9,3,1374,6150,1490,749.2,156.54,318.12,AL,2,0.496154,all_model_readouts_v1,,,,unassigned,False,False,
7,3,2742,34234,2951,478.5,417.51,349.36,V1,3,0.740286,all_model_readouts_v1,,,,unassigned,False,False,
4,7,1020,55996,1234,517.93,250.54,250.32,LM,3,0.642022,all_model_readouts_v1,,,,unassigned,False,False,
7,5,7897,235,8698,1318.79,615.41,503.28,RL,8,0.518721,all_model_readouts_v1,8.64691136903513e+17,root_864691136903513010,L6tall-a,unassigned,True,False,aibs_metamodel_mtypes_v661_v2
7,5,5948,11966,6583,1097.66,79.84,365.05,AL,6,0.671378,all_model_readouts_v1,,,,unassigned,False,False,
9,4,7666,17627,8212,821.86,246.06,188.4,AL,6,0.378417,all_model_readouts_v1,8.646911357828006e+17,root_864691135782800691,L2c,L23,True,False,aibs_metamodel_mtypes_v661_v2
6,2,7748,56197,8339,743.97,425.96,558.02,LM,8,,all_model_readouts_v1,,,,unassigned,False,False,
9,4,5114,12982,5482,1017.51,261.87,176.03,RL,4,0.641799,all_model_readouts_v1,8.646911359423103e+17,root_864691135942310260,L2c,L23,True,False,aibs_metamodel_mtypes_v661_v2
5,6,1267,9819,1355,1155.0,55.05,166.85,AL,2,0.324931,all_model_readouts_v1,8.646911357716801e+17,root_864691135771680075,L2a,L23,True,True,aibs_metamodel_mtypes_v661_v2
6,4,4890,28238,5302,681.22,252.55,414.13,LM,5,0.68732,all_model_readouts_v1,,,,unassigned,False,False,
7,5,4407,18158,4853,1167.77,154.86,231.35,AL,4,0.522338,all_model_readouts_v1,8.646911359879204e+17,root_864691135987920387,L3a,L23,True,False,aibs_metamodel_mtypes_v661_v2
4,7,4502,92655,5056,163.57,979.89,382.01,V1,5,0.895783,all_model_readouts_v1,,,,unassigned,False,False,
6,2,136,95863,149,688.15,458.04,154.91,V1,1,0.74188,all_model_readouts_v1,,,,unassigned,False,False,
6,6,4070,27315,4386,1330.05,414.01,262.77,RL,4,0.63969,all_model_readouts_v1,8.646911354910116e+17,root_864691135491011559,L3b,L23,True,True,aibs_metamodel_mtypes_v661_v2
7,3,3002,101258,3236,655.7,686.82,350.74,V1,3,0.631875,all_model_readouts_v1,,,,unassigned,False,False,
7,5,948,57847,1032,569.22,171.26,200.59,LM,1,0.807358,all_model_readouts_v1,,,,unassigned,False,False,
6,7,7761,8464,8472,928.29,156.23,526.47,AL,8,0.447415,all_model_readouts_v1,8.646911358649e+17,root_864691135864899966,L6short-a,unassigned,True,False,aibs_metamodel_mtypes_v661_v2
6,4,4677,16510,5071,1253.36,53.9,268.44,AL,4,0.564251,all_model_readouts_v1,8.646911366625362e+17,root_864691136662536158,L3a,L23,True,True,aibs_metamodel_mtypes_v661_v2
6,2,4807,16272,5200,1256.97,364.56,284.3,RL,4,0.382175,all_model_readouts_v1,8.646911354183814e+17,root_864691135418381498,L3b,L23,True,False,aibs_metamodel_mtypes_v661_v2
4,7,7357,8658,8245,1056.93,197.87,504.09,AL,8,0.476101,all_model_readouts_v1,8.646911352731133e+17,root_864691135273113361,L5ET,L5,True,False,aibs_metamodel_mtypes_v661_v2
5,6,7648,91604,8296,728.54,901.23,580.25,V1,7,0.784471,all_model_readouts_v1,,,,unassigned,False,False,
7,5,2401,5176,2656,725.97,334.71,235.4,LM,3,0.588759,all_model_readouts_v1,,,,unassigned,False,False,
9,6,4956,34426,5310,870.89,346.33,224.16,RL,4,0.645994,all_model_readouts_v1,8.646911360915347e+17,root_864691136091534772,L3a,L23,True,False,aibs_metamodel_mtypes_v661_v2
4,7,6690,31860,7520,289.6,341.5,515.57,LM,7,0.695432,all_model_readouts_v1,,,,unassigned,False,False,
9,4,68,58873,75,525.47,309.02,170.03,LM,1,0.58904,all_model_readouts_v1,,,,unassigned,False,False,
7,3,4356,76862,4724,799.15,812.21,348.12,V1,4,0.429291,all_model_readouts_v1,,,,unassigned,False,False,
6,7,4272,56119,4705,618.95,265.61,397.39,LM,5,0.872888,all_model_readouts_v1,,,,unassigned,False,False,
9,6,1350,31756,1464,1171.16,321.62,199.02,RL,2,0.514242,all_model_readouts_v1,8.646911354296038e+17,root_864691135429603888,L3a,L23,True,False,aibs_metamodel_mtypes_v661_v2
5,7,3738,10492,4099,997.48,84.54,296.42,AL,4,0.765327,all_model_readouts_v1,8.646911351334568e+17,root_864691135133456800,L4a,L4,True,True,aibs_metamodel_mtypes_v661_v2
7,3,7889,1172,8519,797.68,169.9,487.93,AL,8,0.419204,all_model_readouts_v1,8.646911355438077e+17,root_864691135543807730,L5b,L5,True,False,aibs_metamodel_mtypes_v661_v2
6,2,7636,2381,8226,169.98,148.06,557.92,LM,7,0.704526,all_model_readouts_v1,,,,unassigned,False,False,
7,3,6367,72046,6902,762.54,633.66,421.64,V1,6,0.464214,all_model_readouts_v1,,,,unassigned,False,False,
6,6,4231,83036,4560,920.5,973.16,269.44,V1,4,,all_model_readouts_v1,,,,unassigned,False,False,
9,6,592,86781,643,379.04,1019.44,207.33,V1,1,0.540317,all_model_readouts_v1,,,,unassigned,False,False,
9,4,7609,56258,8152,1206.38,706.84,188.91,V1,6,0.697005,all_model_readouts_v1,8.646911360425757e+17,root_864691136042575702,L2c,L23,True,True,aibs_metamodel_mtypes_v661_v2
7,5,8102,26169,8926,864.24,611.1,503.06,V1,8,0.677537,all_model_readouts_v1,8.646911353559352e+17,root_864691135355935183,L5a,L5,True,True,aibs_metamodel_mtypes_v661_v2
8,5,6400,95734,6761,546.57,1081.2,374.19,V1,5,0.666157,all_model_readouts_v1,,,,unassigned,False,False,
6,4,7719,9017,8311,929.99,272.83,542.9,AL,8,0.662892,all_model_readouts_v1,8.646911354906071e+17,root_864691135490607079,L6tall-a,unassigned,True,False,aibs_metamodel_mtypes_v661_v2
5,7,1224,17636,1320,980.75,91.56,156.79,AL,2,0.714484,all_model_readouts_v1,8.646911360118798e+17,root_864691136011879843,L2b,L23,True,False,aibs_metamodel_mtypes_v661_v2
7,5,2106,22238,2317,871.27,343.15,193.47,RL,2,0.665423,all_model_readouts_v1,8.6469113561865e+17,root_864691135618649999,L2c,L23,True,True,aibs_metamodel_mtypes_v661_v2
4,7,2496,63890,2869,1157.16,564.07,236.65,V1,4,0.647879,all_model_readouts_v1,8.646911361757281e+17,root_864691136175728134,L3b,L23,True,False,aibs_metamodel_mtypes_v661_v2
7,5,5902,50434,6511,443.79,148.22,368.14,LM,5,0.849805,all_model_readouts_v1,,,,unassigned,False,False,
9,6,4632,23610,4970,1113.92,441.8,222.9,RL,4,0.424666,all_model_readouts_v1,8.646911352108882e+17,root_864691135210888128,L3a,L23,True,False,aibs_metamodel_mtypes_v661_v2
9,3,6832,23324,7427,1193.5,403.22,339.53,RL,6,0.404266,all_model_readouts_v1,8.646911357817476e+17,root_864691135781747536,L4a,L4,True,False,aibs_metamodel_mtypes_v661_v2
5,7,2497,56131,2758,348.11,307.23,303.44,LM,3,0.647412,all_model_readouts_v1,,,,unassigned,False,False,
6,7,1052,92271,1189,765.72,901.85,122.09,V1,2,0.660275,all_model_readouts_v1,,,,unassigned,False,False,
6,6,7140,63751,7704,692.55,249.75,536.75,LM,7,0.754133,all_model_readouts_v1,,,,unassigned,False,False,
5,7,3803,6798,4176,936.81,241.14,297.82,AL,4,0.741533,all_model_readouts_v1,8.646911353969295e+17,root_864691135396929569,L4a,L4,True,True,aibs_metamodel_mtypes_v661_v2
8,5,2701,9291,2837,950.45,127.59,233.97,AL,2,0.528577,all_model_readouts_v1,8.646911357776219e+17,root_864691135777621856,L3a,L23,True,True,aibs_metamodel_mtypes_v661_v2
9,3,4066,6160,4395,1090.75,201.25,326.95,AL,4,0.568117,all_model_readouts_v1,8.646911359890767e+17,root_864691135989076736,L3a,L23,True,False,aibs_metamodel_mtypes_v661_v2
6,6,4419,17108,4762,887.67,431.31,265.51,RL,4,0.788982,all_model_readouts_v1,8.646911369126845e+17,root_864691136912684529,L4b,L4,True,False,aibs_metamodel_mtypes_v661_v2
6,7,2839,10481,3135,775.24,115.55,255.97,AL,4,0.275013,all_model_readouts_v1,,,,unassigned,False,False,
5,6,2243,3768,2438,936.0,105.97,168.79,AL,2,0.77659,all_model_readouts_v1,8.646911369455795e+17,root_864691136945579487,L2c,L23,True,True,aibs_metamodel_mtypes_v661_v2
5,7,8060,4088,8784,1034.91,360.96,566.06,RL,8,0.188794,all_model_readouts_v1,8.646911361433664e+17,root_864691136143366452,L6tall-a,unassigned,True,False,aibs_metamodel_mtypes_v661_v2
9,4,6706,53041,7191,762.01,399.65,188.9,LM,6,0.476559,all_model_readouts_v1,,,,unassigned,False,False,
7,5,1611,41907,1775,875.27,644.47,195.31,V1,2,0.581673,all_model_readouts_v1,8.646911359752436e+17,root_864691135975243631,L2c,L23,True,False,aibs_metamodel_mtypes_v661_v2
5,6,5051,18725,5504,831.93,225.91,308.03,AL,4,0.839905,all_model_readouts_v1,8.646911369256014e+17,root_864691136925601354,L3b,L23,True,True,aibs_metamodel_mtypes_v661_v2
6,2,7546,33815,8133,530.34,316.72,558.24,LM,7,0.353742,all_model_readouts_v1,,,,unassigned,False,False,
9,3,3749,78002,4047,214.77,515.26,330.98,V1,3,0.669419,all_model_readouts_v1,,,,unassigned,False,False,
7,5,5431,41814,6013,195.59,184.57,368.16,LM,5,0.61159,all_model_readouts_v1,,,,unassigned,False,False,
7,3,1498,40606,1624,943.8,433.46,209.85,RL,2,0.664543,all_model_readouts_v1,8.646911360532826e+17,root_864691136053282547,L2c,L23,True,True,aibs_metamodel_mtypes_v661_v2
4,7,3382,10047,3851,929.44,65.18,239.1,AL,4,0.633416,all_model_readouts_v1,8.6469113521006e+17,root_864691135210059968,L3a,L23,True,False,aibs_metamodel_mtypes_v661_v2
7,5,2393,39815,2647,455.11,334.35,235.0,LM,3,0.660694,all_model_readouts_v1,,,,unassigned,False,False,
9,3,4712,43736,5095,1138.3,1135.06,333.04,V1,4,0.676822,all_model_readouts_v1,8.646911354076846e+17,root_864691135407684553,L4b,L4,True,False,aibs_metamodel_mtypes_v661_v2
6,2,3773,40581,4101,1057.7,265.01,285.81,RL,4,0.76276,all_model_readouts_v1,8.646911363105921e+17,root_864691136310592090,L3b,L23,True,True,aibs_metamodel_mtypes_v661_v2
5,6,3627,53011,3925,444.04,192.26,310.74,LM,3,0.263818,all_model_readouts_v1,,,,unassigned,False,False,
6,6,3432,39781,3708,1093.7,413.96,264.16,RL,4,0.512192,all_model_readouts_v1,8.646911353568051e+17,root_864691135356805071,L3b,L23,True,False,aibs_metamodel_mtypes_v661_v2
9,3,7921,3587,8596,877.88,214.59,339.87,AL,6,0.524136,all_model_readouts_v1,8.646911363798067e+17,root_864691136379806677,L4a,L4,True,False,aibs_metamodel_mtypes_v661_v2
4,7,3529,65572,4020,550.03,225.91,380.85,LM,5,0.654486,all_model_readouts_v1,,,,unassigned,False,False,
6,6,7548,51898,8119,732.66,420.68,531.75,LM,8,,all_model_readouts_v1,,,,unassigned,False,False,
6,7,4386,27032,4826,707.33,424.55,398.36,LM,5,0.573594,all_model_readouts_v1,,,,unassigned,False,False,
7,5,6577,1006,7283,1122.18,177.23,365.62,AL,6,0.636063,all_model_readouts_v1,8.646911357865027e+17,root_864691135786502596,L4a,L4,True,True,aibs_metamodel_mtypes_v661_v2
6,7,2929,5822,3236,913.51,264.68,256.39,AL,4,0.54134,all_model_readouts_v1,8.646911365355299e+17,root_864691136535529890,L3a,L23,True,True,aibs_metamodel_mtypes_v661_v2
6,2,6055,947,6559,947.71,157.77,422.28,AL,6,0.844603,all_model_readouts_v1,8.646911362747635e+17,root_864691136274763533,L5b,L5,True,True,aibs_metamodel_mtypes_v661_v2
7,5,6644,488,7358,1161.53,317.09,366.43,RL,6,0.561412,all_model_readouts_v1,8.646911362973151e+17,root_864691136297315099,L4a,L4,True,False,aibs_metamodel_mtypes_v661_v2
7,3,7625,54325,8236,614.61,170.44,487.98,LM,7,0.780114,all_model_readouts_v1,,,,unassigned,False,False,
4,7,2261,16140,2612,1171.76,153.86,235.11,AL,4,0.770227,all_model_readouts_v1,8.646911356168518e+17,root_864691135616851817,L3a,L23,True,True,aibs_metamodel_mtypes_v661_v2
4,7,4722,64957,5292,526.68,260.75,380.93,LM,5,0.788283,all_model_readouts_v1,,,,unassigned,False,False,
6,4,3610,36711,3933,1177.21,304.89,271.15,RL,4,0.653254,all_model_readouts_v1,8.646911365360872e+17,root_864691136536087202,L3a,L23,True,True,aibs_metamodel_mtypes_v661_v2
6,4,2147,54238,2361,649.52,150.31,278.05,LM,3,0.865005,all_model_readouts_v1,,,,unassigned,False,False,
7,3,2265,32577,2440,842.41,817.36,213.65,V1,2,0.637979,all_model_readouts_v1,8.646911371990394e+17,root_864691137199039297,L3a,L23,True,True,aibs_metamodel_mtypes_v661_v2
5,6,6170,3536,6737,861.69,298.82,444.53,AL,6,0.910163,all_model_readouts_v1,8.646911357833656e+17,root_864691135783365683,L5ET,L5,True,True,aibs_metamodel_mtypes_v661_v2
6,2,8085,5674,8684,876.01,376.49,558.02,RL,8,,all_model_readouts_v1,,,,unassigned,False,False,
6,2,5202,73846,5639,193.62,569.01,426.09,V1,5,0.88114,all_model_readouts_v1,,,,unassigned,False,False,
5,7,6379,10689,7023,1286.33,131.91,428.65,RL,6,0.42172,all_model_readouts_v1,8.646911359263232e+17,root_864691135926323156,L5a,L5,True,False,aibs_metamodel_mtypes_v661_v2
9,4,5135,9929,5507,718.73,141.57,178.21,AL,4,0.431706,all_model_readouts_v1,,,,unassigned,False,False,
6,7,6648,53920,7339,436.73,323.47,530.87,LM,7,0.786834,all_model_readouts_v1,,,,unassigned,False,False,
5,6,5048,7864,5500,847.37,57.06,306.52,AL,4,0.643857,all_model_readouts_v1,8.646911352081962e+17,root_864691135208196217,L4a,L4,True,True,aibs_metamodel_mtypes_v661_v2
9,4,2459,5983,2646,1202.09,384.32,165.55,RL,2,0.435807,all_model_readouts_v1,8.646911358843027e+17,root_864691135884302704,L2a,L23,True,True,aibs_metamodel_mtypes_v661_v2
9,3,6704,11320,7292,908.18,232.21,339.83,AL,6,0.417088,all_model_readouts_v1,8.646911358848237e+17,root_864691135884823664,L4b,L4,True,True,aibs_metamodel_mtypes_v661_v2
5,7,144,63805,156,586.79,389.13,169.71,LM,1,0.736789,all_model_readouts_v1,,,,unassigned,False,False,
7,3,8262,13574,8915,1196.29,257.53,487.94,RL,8,0.158941,all_model_readouts_v1,8.646911355944476e+17,root_864691135594447659,L5ET,L5,True,True,aibs_metamodel_mtypes_v661_v2
9,4,2968,44305,3203,546.07,768.85,180.61,V1,3,0.491864,all_model_readouts_v1,,,,unassigned,False,False,
5,7,1460,58091,1587,918.36,570.15,161.74,V1,2,0.484161,all_model_readouts_v1,8.646911354925917e+17,root_864691135492591719,L2a,L23,True,True,aibs_metamodel_mtypes_v661_v2
6,2,177,79577,194,315.28,524.77,152.2,V1,1,,all_model_readouts_v1,,,,unassigned,False,False,
6,4,6799,14014,7343,862.39,442.38,411.74,RL,6,0.758465,all_model_readouts_v1,8.646911363718184e+17,root_864691136371818376,L5a,L5,True,True,aibs_metamodel_mtypes_v661_v2
4,7,2591,65030,2977,959.85,706.42,240.57,V1,4,0.885526,all_model_readouts_v1,8.646911353601012e+17,root_864691135360101208,L3b,L23,True,True,aibs_metamodel_mtypes_v661_v2
5,7,6661,3133,7336,998.88,172.18,431.83,AL,6,0.706747,all_model_readouts_v1,8.646911357243931e+17,root_864691135724393131,L5a,L5,True,False,aibs_metamodel_mtypes_v661_v2
9,3,6021,50506,6536,626.04,267.84,340.0,LM,5,0.625987,all_model_readouts_v1,,,,unassigned,False,False,
6,2,3756,14035,4084,1329.08,227.85,282.43,RL,4,0.479787,all_model_readouts_v1,8.646911353736923e+17,root_864691135373692233,,unassigned,True,False,aibs_metamodel_mtypes_v661_v2
5,7,6081,9177,6695,1021.12,438.8,434.59,RL,6,0.405928,all_model_readouts_v1,8.646911349654339e+17,root_864691134965433887,L5a,L5,True,False,aibs_metamodel_mtypes_v661_v2
8,5,2823,41078,2973,542.01,243.45,251.37,LM,3,0.787785,all_model_readouts_v1,,,,unassigned,False,False,
6,7,6523,13774,7193,1250.4,135.06,390.39,RL,6,0.783536,all_model_readouts_v1,8.64691135123358e+17,root_864691135123357991,L5a,L5,True,False,aibs_metamodel_mtypes_v661_v2
9,4,1769,37267,1895,1131.84,835.7,168.68,V1,2,0.379972,all_model_readouts_v1,8.646911363909146e+17,root_864691136390914576,L2a,L23,True,False,aibs_metamodel_mtypes_v661_v2
9,4,6580,8607,7055,768.96,196.19,188.36,AL,6,,all_model_readouts_v1,,,,unassigned,False,False,
8,5,488,82003,508,212.0,834.0,235.74,V1,1,0.852605,all_model_readouts_v1,,,,unassigned,False,False,
7,3,6723,16554,7274,1184.68,250.95,417.35,RL,6,0.72639,all_model_readouts_v1,8.646911354769696e+17,root_864691135476969640,L5ET,L5,True,False,aibs_metamodel_mtypes_v661_v2
5,6,5087,4278,5545,772.0,171.54,308.18,AL,4,0.852569,all_model_readouts_v1,,,,unassigned,False,False,
6,2,3122,34020,3391,240.34,335.39,292.03,LM,3,0.427508,all_model_readouts_v1,,,,unassigned,False,False,
5,6,4672,3171,5085,1029.0,108.46,305.15,AL,4,0.82047,all_model_readouts_v1,8.646911357536113e+17,root_864691135753611213,L4a,L4,True,False,aibs_metamodel_mtypes_v661_v2
9,3,7967,10001,8649,761.62,183.89,340.19,AL,6,0.503518,all_model_readouts_v1,,,,unassigned,False,False,
5,7,1102,60649,1181,348.48,255.24,169.29,LM,1,0.804763,all_model_readouts_v1,,,,unassigned,False,False,
6,4,5178,93215,5607,159.57,803.41,415.5,V1,5,0.736829,all_model_readouts_v1,,,,unassigned,False,False,
7,3,8238,28464,8890,1305.76,1086.51,487.96,V1,8,0.811124,all_model_readouts_v1,8.646911355863295e+17,root_864691135586329468,L5ET,L5,True,True,aibs_metamodel_mtypes_v661_v2
7,5,3470,32610,3803,468.82,203.16,234.36,LM,3,0.67978,all_model_readouts_v1,,,,unassigned,False,False,
7,5,2142,29626,2355,1093.91,778.49,195.95,V1,2,0.755031,all_model_readouts_v1,8.646911369746345e+17,root_864691136974634524,L3a,L23,True,True,aibs_metamodel_mtypes_v661_v2
6,7,2905,240,3211,964.71,232.36,255.71,AL,4,0.626535,all_model_readouts_v1,8.646911369032401e+17,root_864691136903240114,L3a,L23,True,True,aibs_metamodel_mtypes_v661_v2
8,5,8254,6151,8791,450.72,154.76,511.93,LM,7,0.557378,all_model_readouts_v1,,,,unassigned,False,False,
6,4,2217,53023,2433,580.1,243.98,278.04,LM,3,0.510517,all_model_readouts_v1,,,,unassigned,False,False,
7,5,8175,5128,9010,1227.41,294.81,502.41,RL,8,,all_model_readouts_v1,,,,unassigned,False,False,
6,2,2102,17249,2283,1060.69,211.18,146.99,AL,2,0.919721,all_model_readouts_v1,8.646911355028376e+17,root_864691135502837597,L2c,L23,True,True,aibs_metamodel_mtypes_v661_v2
4,7,2244,40706,2591,1294.72,66.45,232.68,RL,4,0.507483,all_model_readouts_v1,8.646911366180288e+17,root_864691136618028763,L3a,L23,True,True,aibs_metamodel_mtypes_v661_v2
5,7,1266,16817,1373,1026.64,212.67,157.49,AL,2,0.740698,all_model_readouts_v1,8.646911358527642e+17,root_864691135852764103,L2c,L23,True,True,aibs_metamodel_mtypes_v661_v2
6,2,5026,23462,5449,413.28,229.95,424.46,LM,5,0.791429,all_model_readouts_v1,,,,unassigned,False,False,
7,5,3837,21776,4237,1230.46,461.27,232.62,RL,4,0.787874,all_model_readouts_v1,8.646911362104145e+17,root_864691136210414524,L3a,L23,True,True,aibs_metamodel_mtypes_v661_v2
6,4,6145,9765,6652,1313.27,490.77,409.42,RL,6,0.649832,all_model_readouts_v1,8.646911354465747e+17,root_864691135446574738,L5a,L5,True,True,aibs_metamodel_mtypes_v661_v2
4,7,2250,18815,2598,1046.7,114.51,237.19,AL,4,0.546133,all_model_readouts_v1,8.646911363096736e+17,root_864691136309673562,L3b,L23,True,False,aibs_metamodel_mtypes_v661_v2
5,7,476,49057,514,172.37,874.94,158.07,V1,1,0.700998,all_model_readouts_v1,,,,unassigned,False,False,
5,6,4031,23848,4391,1198.27,450.32,306.26,RL,4,0.400213,all_model_readouts_v1,8.646911358083625e+17,root_864691135808362525,L3a,L23,True,True,aibs_metamodel_mtypes_v661_v2
7,5,7789,3698,8587,1280.74,249.99,502.32,RL,8,0.650007,all_model_readouts_v1,8.646911349181747e+17,root_864691134918174730,L6short-a,unassigned,True,False,aibs_metamodel_mtypes_v661_v2
7,5,2031,14190,2237,1017.49,180.97,192.37,AL,2,0.886118,all_model_readouts_v1,8.646911359521221e+17,root_864691135952122147,L3a,L23,True,True,aibs_metamodel_mtypes_v661_v2
7,5,3693,37011,4080,1138.56,291.9,232.3,RL,4,0.44223,all_model_readouts_v1,8.646911366633966e+17,root_864691136663396574,L3b,L23,True,False,aibs_metamodel_mtypes_v661_v2
5,7,2366,1453,2609,992.35,148.47,157.21,AL,2,0.670145,all_model_readouts_v1,8.646911354765098e+17,root_864691135476509864,L2c,L23,True,True,aibs_metamodel_mtypes_v661_v2
6,6,644,21810,700,776.39,322.25,137.9,LM,1,0.588989,all_model_readouts_v1,,,,unassigned,False,False,
8,5,6926,90879,7312,216.9,868.16,375.65,V1,5,0.629003,all_model_readouts_v1,,,,unassigned,False,False,
8,5,5234,93516,5513,765.05,605.03,240.53,V1,4,0.811385,all_model_readouts_v1,,,,unassigned,False,False,
8,5,4180,2663,4395,1145.73,103.69,240.63,AL,4,0.452871,all_model_readouts_v1,8.64691136106401e+17,root_864691136106400985,L3a,L23,True,False,aibs_metamodel_mtypes_v661_v2
9,4,6685,28059,7170,955.24,385.61,188.52,RL,6,0.515639,all_model_readouts_v1,8.646911358569649e+17,root_864691135856964910,L3a,L23,True,False,aibs_metamodel_mtypes_v661_v2
6,6,6436,42156,6953,1077.92,992.4,406.53,V1,6,0.976385,all_model_readouts_v1,8.646911358110618e+17,root_864691135811061708,L4c,L4,True,True,aibs_metamodel_mtypes_v661_v2
5,6,3952,40750,4308,733.1,380.2,310.25,LM,4,,all_model_readouts_v1,,,,unassigned,False,False,
8,5,8548,59367,9097,225.52,948.8,511.93,V1,7,0.542043,all_model_readouts_v1,,,,unassigned,False,False,
6,4,250,75093,265,431.22,678.12,140.29,V1,1,0.77475,all_model_readouts_v1,,,,unassigned,False,False,
5,7,2965,89284,3251,616.99,898.88,301.86,V1,3,0.382068,all_model_readouts_v1,,,,unassigned,False,False,
9,4,2627,28802,2839,290.75,285.11,179.18,LM,3,0.46177,all_model_readouts_v1,,,,unassigned,False,False,
9,3,1309,58672,1409,500.33,217.75,318.49,LM,1,0.761387,all_model_readouts_v1,,,,unassigned,False,False,
6,2,657,77160,722,280.73,940.92,149.43,V1,1,0.813487,all_model_readouts_v1,,,,unassigned,False,False,
6,2,5647,48025,6117,425.39,428.57,425.4,V1,5,0.756229,all_model_readouts_v1,,,,unassigned,False,False,
6,6,6718,12784,7262,1238.71,506.96,401.09,RL,6,0.603824,all_model_readouts_v1,8.646911357821564e+17,root_864691135782156368,L5a,L5,True,False,aibs_metamodel_mtypes_v661_v2
9,4,914,103646,974,585.21,1031.66,172.07,V1,1,0.649704,all_model_readouts_v1,,,,unassigned,False,False,
7,3,3895,3756,4229,1211.15,89.55,343.07,AL,4,0.391846,all_model_readouts_v1,8.64691135474646e+17,root_864691135474646080,L4a,L4,True,True,aibs_metamodel_mtypes_v661_v2
6,4,4905,57946,5317,701.42,284.86,414.2,LM,5,0.758981,all_model_readouts_v1,,,,unassigned,False,False,
6,4,1539,39372,1669,1136.45,992.47,138.54,V1,2,0.894411,all_model_readouts_v1,8.646911360913517e+17,root_864691136091351732,L2b,L23,True,True,aibs_metamodel_mtypes_v661_v2
5,7,1218,9701,1309,1019.47,56.62,156.12,AL,2,0.632106,all_model_readouts_v1,,,,unassigned,False,False,
8,5,8310,12176,8848,442.13,348.06,511.93,LM,7,0.717135,all_model_readouts_v1,,,,unassigned,False,False,
9,3,4128,14133,4460,842.38,335.89,328.86,RL,4,0.54107,all_model_readouts_v1,8.64691136391332e+17,root_864691136391331967,L4b,L4,True,True,aibs_metamodel_mtypes_v661_v2
7,3,3068,73713,3310,209.59,794.29,348.95,V1,3,0.580478,all_model_readouts_v1,,,,unassigned,False,False,
5,7,2510,38300,2771,568.1,312.01,303.58,LM,3,,all_model_readouts_v1,,,,unassigned,False,False,
9,6,1399,11858,1515,1028.62,359.05,200.67,RL,2,0.367495,all_model_readouts_v1,8.646911357776163e+17,root_864691135777616224,L3a,L23,True,True,aibs_metamodel_mtypes_v661_v2
4,7,5784,9093,6521,1236.19,290.51,367.2,RL,6,0.43017,all_model_readouts_v1,8.646911357773193e+17,root_864691135777319341,L5a,L5,True,False,aibs_metamodel_mtypes_v661_v2
7,3,245,13039,263,359.23,459.22,213.31,V1,1,0.29541,all_model_readouts_v1,,,,unassigned,False,False,
6,6,1928,26600,2104,413.9,144.19,270.26,LM,3,,all_model_readouts_v1,,,,unassigned,False,False,
4,7,2252,17555,2601,1134.43,134.1,235.71,AL,4,0.721892,all_model_readouts_v1,8.646911355655363e+17,root_864691135565536279,L3b,L23,True,False,aibs_metamodel_mtypes_v661_v2
8,5,1597,37121,1682,1023.72,447.96,230.87,RL,2,0.54674,all_model_readouts_v1,8.646911351185277e+17,root_864691135118527709,L3a,L23,True,False,aibs_metamodel_mtypes_v661_v2
4,7,533,39301,665,1108.31,488.61,104.21,RL,2,0.511465,all_model_readouts_v1,8.646911357769199e+17,root_864691135776919981,L2a,L23,True,True,aibs_metamodel_mtypes_v661_v2
7,3,6752,5134,7306,1093.94,167.96,416.84,AL,6,0.713157,all_model_readouts_v1,8.646911351633503e+17,root_864691135163350317,L4a,L4,True,False,aibs_metamodel_mtypes_v661_v2
6,4,216,100266,229,789.3,613.05,142.87,V1,1,0.700587,all_model_readouts_v1,,,,unassigned,False,False,
9,4,756,86604,808,182.06,1143.69,173.23,V1,1,0.599372,all_model_readouts_v1,,,,unassigned,False,False,
5,6,6924,8104,7553,1229.58,295.69,442.68,RL,6,0.769814,all_model_readouts_v1,8.646911351007086e+17,root_864691135100708640,L5a,L5,True,True,aibs_metamodel_mtypes_v661_v2
6,2,6841,3719,7408,1079.74,95.88,421.92,AL,6,0.568411,all_model_readouts_v1,,,,unassigned,False,False,
4,7,6399,43866,7209,188.94,228.85,515.88,LM,7,0.668279,all_model_readouts_v1,,,,unassigned,False,False,
6,2,4870,13445,5269,1243.23,488.86,285.41,RL,4,,all_model_readouts_v1,,,,unassigned,False,False,
7,5,5970,5927,6611,864.7,161.85,366.06,AL,6,0.795886,all_model_readouts_v1,8.646911360844822e+17,root_864691136084482156,L4b,L4,True,True,aibs_metamodel_mtypes_v661_v2
6,4,5978,8502,6472,1113.29,119.17,407.26,AL,6,0.707929,all_model_readouts_v1,8.646911351233428e+17,root_864691135123342887,L5ET,L5,True,False,aibs_metamodel_mtypes_v661_v2
5,7,3659,43534,3989,729.24,316.82,303.67,LM,3,0.563922,all_model_readouts_v1,,,,unassigned,False,False,
6,4,6428,15928,6948,1050.6,1028.15,415.93,V1,6,0.62408,all_model_readouts_v1,8.646911359909164e+17,root_864691135990916352,L5a,L5,True,False,aibs_metamodel_mtypes_v661_v2
6,4,7304,59896,7888,341.92,180.55,542.84,LM,7,0.646051,all_model_readouts_v1,,,,unassigned,False,False,
5,6,6215,57943,6782,781.46,413.56,445.96,LM,6,0.530035,all_model_readouts_v1,,,,unassigned,False,False,
6,6,6785,8858,7342,1018.88,371.84,400.2,RL,6,0.709067,all_model_readouts_v1,8.646911359102176e+17,root_864691135910217641,L5a,L5,True,False,aibs_metamodel_mtypes_v661_v2
8,5,5527,38430,5837,529.67,116.57,380.11,LM,5,0.648691,all_model_readouts_v1,,,,unassigned,False,False,
9,3,4156,12303,4490,832.15,368.09,329.12,RL,4,0.495713,all_model_readouts_v1,8.646911348856586e+17,root_864691134885658618,L4a,L4,True,True,aibs_metamodel_mtypes_v661_v2
9,4,5168,49862,5542,754.98,350.19,179.2,LM,4,0.386257,all_model_readouts_v1,,,,unassigned,False,False,
5,6,5734,72253,6260,434.6,647.8,447.53,V1,5,0.823276,all_model_readouts_v1,,,,unassigned,False,False,
5,7,3657,35985,3987,445.49,92.62,304.15,LM,3,0.665656,all_model_readouts_v1,,,,unassigned,False,False,
6,4,3311,57754,3595,246.95,174.19,278.11,LM,3,0.624792,all_model_readouts_v1,,,,unassigned,False,False,
6,6,7643,22767,8215,1320.0,782.94,535.98,V1,8,0.517864,all_model_readouts_v1,8.646911355182685e+17,root_864691135518268554,L5NP,L5,True,True,aibs_metamodel_mtypes_v661_v2
7,3,1496,36886,1621,890.53,445.84,210.3,RL,2,0.544812,all_model_readouts_v1,8.646911359465257e+17,root_864691135946525732,L3a,L23,True,True,aibs_metamodel_mtypes_v661_v2
7,5,108,60703,114,454.05,309.56,199.73,LM,1,0.675308,all_model_readouts_v1,,,,unassigned,False,False,
9,6,5100,6771,5466,865.56,174.23,223.47,AL,4,0.492615,all_model_readouts_v1,8.646911350138597e+17,root_864691135013859734,L3a,L23,True,True,aibs_metamodel_mtypes_v661_v2
6,7,2878,7551,3182,922.03,180.16,255.52,AL,4,0.825537,all_model_readouts_v1,8.646911358006363e+17,root_864691135800636258,L3a,L23,True,False,aibs_metamodel_mtypes_v661_v2
5,7,2314,45963,2542,1078.32,561.7,160.21,V1,2,0.633453,all_model_readouts_v1,8.646911364443096e+17,root_864691136444309635,L2c,L23,True,True,aibs_metamodel_mtypes_v661_v2
6,2,7400,73609,7985,567.55,1007.36,559.76,V1,7,0.354192,all_model_readouts_v1,,,,unassigned,False,False,
6,2,2246,596,2440,1091.86,536.39,148.78,V1,2,0.615612,all_model_readouts_v1,8.64691135754687e+17,root_864691135754686925,L2a,L23,True,False,aibs_metamodel_mtypes_v661_v2
8,5,8108,26222,8618,1243.54,108.03,371.67,RL,6,0.535833,all_model_readouts_v1,8.646911357191936e+17,root_864691135719193649,L4a,L4,True,True,aibs_metamodel_mtypes_v661_v2
6,4,2278,19829,2497,658.39,337.95,278.01,LM,3,0.797715,all_model_readouts_v1,,,,unassigned,False,False,
4,7,908,48350,1117,439.49,105.0,251.69,LM,3,0.581647,all_model_readouts_v1,,,,unassigned,False,False,
5,6,2191,9058,2382,1089.37,288.23,168.85,RL,2,,all_model_readouts_v1,,,,unassigned,False,False,
7,5,7515,55821,8300,380.98,787.18,508.76,V1,7,0.651816,all_model_readouts_v1,,,,unassigned,False,False,
6,6,5878,18000,6336,1221.47,432.17,400.35,RL,6,0.896116,all_model_readouts_v1,8.646911360239805e+17,root_864691136023980601,L5a,L5,True,True,aibs_metamodel_mtypes_v661_v2
8,5,1093,93424,1143,237.14,540.43,237.65,V1,1,0.50474,all_model_readouts_v1,,,,unassigned,False,False,
5,6,4958,9159,5392,1216.84,90.34,303.17,AL,4,0.467982,all_model_readouts_v1,8.646911349884241e+17,root_864691134988424058,L3b,L23,True,True,aibs_metamodel_mtypes_v661_v2
7,3,3926,2677,4263,1051.49,193.79,343.78,AL,4,0.763978,all_model_readouts_v1,8.646911355389052e+17,root_864691135538905202,L4b,L4,True,True,aibs_metamodel_mtypes_v661_v2
5,7,2990,97426,3276,481.19,913.77,301.72,V1,3,0.403382,all_model_readouts_v1,,,,unassigned,False,False,
6,2,7720,15465,8311,858.55,313.86,558.02,RL,8,0.444033,all_model_readouts_v1,8.646911350816704e+17,root_864691135081670391,L6short-a,unassigned,True,False,aibs_metamodel_mtypes_v661_v2
6,7,6353,2872,7000,1182.24,82.56,389.85,AL,6,0.439542,all_model_readouts_v1,8.646911369658499e+17,root_864691136965849806,L4a,L4,True,True,aibs_metamodel_mtypes_v661_v2
6,7,2837,4642,3133,1225.7,78.21,252.33,AL,4,,all_model_readouts_v1,,,,unassigned,False,False,
5,6,1949,35826,2121,1020.32,318.38,169.56,RL,2,0.713806,all_model_readouts_v1,8.646911352091841e+17,root_864691135209184121,L2c,L23,True,True,aibs_metamodel_mtypes_v661_v2
6,6,4213,32886,4540,1155.15,366.75,263.44,RL,4,0.305507,all_model_readouts_v1,8.646911356167758e+17,root_864691135616775785,L3b,L23,True,False,aibs_metamodel_mtypes_v661_v2
6,2,7298,69898,7882,387.2,1058.88,559.9,V1,7,,all_model_readouts_v1,,,,unassigned,False,False,
8,5,2775,22293,2924,458.34,178.66,252.29,LM,3,0.754896,all_model_readouts_v1,,,,unassigned,False,False,
9,4,4974,15660,5332,931.83,182.11,176.36,AL,4,0.352739,all_model_readouts_v1,8.6469113533868e+17,root_864691135338680038,L2a,L23,True,False,aibs_metamodel_mtypes_v661_v2
4,7,1000,7879,1213,780.57,202.14,249.35,AL,3,0.690688,all_model_readouts_v1,,,,unassigned,False,False,
5,6,41,52276,47,286.93,242.41,175.22,LM,1,0.556097,all_model_readouts_v1,,,,unassigned,False,False,
5,6,1927,40011,2094,1216.41,272.56,167.81,RL,2,0.323811,all_model_readouts_v1,8.64691135778159e+17,root_864691135778159037,L2a,L23,True,False,aibs_metamodel_mtypes_v661_v2
5,6,8267,2627,8922,955.3,92.32,566.65,AL,8,0.539197,all_model_readouts_v1,8.646911361098287e+17,root_864691136109828792,L6tall-a,unassigned,True,False,aibs_metamodel_mtypes_v661_v2
6,4,5918,1500,6393,277.09,171.71,413.98,LM,5,0.711796,all_model_readouts_v1,,,,unassigned,False,False,
9,6,4406,15436,4728,969.17,945.74,226.02,V1,4,0.438657,all_model_readouts_v1,8.646911351570766e+17,root_864691135157076580,L3a,L23,True,False,aibs_metamodel_mtypes_v661_v2
9,4,4769,14272,5120,1304.41,290.28,173.38,RL,4,0.410594,all_model_readouts_v1,8.646911355453217e+17,root_864691135545321768,L2a,L23,True,False,aibs_metamodel_mtypes_v661_v2
7,3,2573,18042,2768,651.02,172.09,349.62,LM,3,0.674278,all_model_readouts_v1,,,,unassigned,False,False,
9,3,7726,3904,8384,1201.6,219.64,338.56,RL,6,0.399611,all_model_readouts_v1,8.646911352704101e+17,root_864691135270410149,L4b,L4,True,True,aibs_metamodel_mtypes_v661_v2
9,4,1386,18905,1495,890.39,283.89,167.23,AL,2,0.577647,all_model_readouts_v1,8.646911353349673e+17,root_864691135334967273,L2b,L23,True,True,aibs_metamodel_mtypes_v661_v2
7,5,6052,4341,6705,891.56,284.21,366.78,AL,6,0.63561,all_model_readouts_v1,8.646911354890842e+17,root_864691135489084218,L4a,L4,True,False,aibs_metamodel_mtypes_v661_v2
7,5,8096,12025,8920,853.16,370.88,502.44,RL,8,0.786569,all_model_readouts_v1,8.646911349892909e+17,root_864691134989290874,L5b,L5,True,True,aibs_metamodel_mtypes_v661_v2
7,3,1352,3859,1472,975.83,191.6,207.66,AL,2,0.659564,all_model_readouts_v1,8.646911361165925e+17,root_864691136116592548,L3a,L23,True,True,aibs_metamodel_mtypes_v661_v2
5,7,3713,1278,4053,764.83,131.85,304.25,AL,3,0.575965,all_model_readouts_v1,,,,unassigned,False,False,
6,2,2086,22415,2267,797.45,914.84,153.02,V1,2,0.687167,all_model_readouts_v1,8.646911357553851e+17,root_864691135755385042,L2b,L23,True,True,aibs_metamodel_mtypes_v661_v2
5,6,6172,3874,6739,948.29,273.75,443.87,AL,6,0.783541,all_model_readouts_v1,8.646911353862299e+17,root_864691135386229845,L5a,L5,True,True,aibs_metamodel_mtypes_v661_v2
4,7,4807,5433,5400,800.16,119.48,375.44,AL,6,0.552857,all_model_readouts_v1,8.646911351633743e+17,root_864691135163374381,L4b,L4,True,True,aibs_metamodel_mtypes_v661_v2
7,3,1349,15320,1469,920.07,198.99,208.09,AL,2,0.763467,all_model_readouts_v1,8.646911368120818e+17,root_864691136812081779,L3a,L23,True,False,aibs_metamodel_mtypes_v661_v2
5,7,192,6783,207,263.15,474.22,165.09,V1,1,0.630515,all_model_readouts_v1,,,,unassigned,False,False,
7,5,3343,38605,3671,510.68,349.28,235.15,LM,3,0.377005,all_model_readouts_v1,,,,unassigned,False,False,
9,4,5992,97414,6423,230.56,1029.16,193.51,V1,5,0.620908,all_model_readouts_v1,,,,unassigned,False,False,
6,2,3561,66372,3855,478.46,1018.34,291.99,V1,3,0.706949,all_model_readouts_v1,,,,unassigned,False,False,
5,6,8571,7463,9234,843.16,114.83,566.52,AL,8,0.450062,all_model_readouts_v1,8.646911361755174e+17,root_864691136175517446,L6short-a,unassigned,True,False,aibs_metamodel_mtypes_v661_v2
7,5,6942,57247,7695,452.69,156.3,504.96,LM,7,0.679989,all_model_readouts_v1,,,,unassigned,False,False,
6,7,1523,61141,1711,385.69,127.02,261.89,LM,3,0.668884,all_model_readouts_v1,,,,unassigned,False,False,
7,5,2365,33240,2616,493.32,304.7,234.9,LM,3,,all_model_readouts_v1,,,,unassigned,False,False,
6,2,8076,11021,8675,1095.15,124.72,558.02,AL,8,0.566859,all_model_readouts_v1,8.646911355161779e+17,root_864691135516177875,L6tall-a,unassigned,True,False,aibs_metamodel_mtypes_v661_v2
9,4,44,43322,50,472.47,259.31,169.99,LM,1,0.718995,all_model_readouts_v1,,,,unassigned,False,False,
6,7,3036,16632,3349,858.43,423.78,258.31,RL,4,0.176753,all_model_readouts_v1,8.646911359528614e+17,root_864691135952861475,L3b,L23,True,True,aibs_metamodel_mtypes_v661_v2
5,6,6821,3315,7446,1161.96,49.15,440.79,AL,6,0.457551,all_model_readouts_v1,8.646911355908147e+17,root_864691135590814731,L5a,L5,True,True,aibs_metamodel_mtypes_v661_v2
7,3,7022,31450,7592,743.77,258.37,487.98,LM,7,0.344957,all_model_readouts_v1,,,,unassigned,False,False,
9,4,5115,57514,5483,742.18,360.07,179.39,LM,4,0.678618,all_model_readouts_v1,,,,unassigned,False,False,
6,2,1164,5981,1268,1062.06,109.35,146.35,AL,2,0.229556,all_model_readouts_v1,,,,unassigned,False,False,
7,3,3969,5693,4310,957.71,258.34,344.22,AL,4,0.320304,all_model_readouts_v1,8.646911369666048e+17,root_864691136966604750,L4b,L4,True,True,aibs_metamodel_mtypes_v661_v2
7,5,4728,54985,5216,369.27,326.86,369.2,LM,5,0.592995,all_model_readouts_v1,,,,unassigned,False,False,
7,3,64,21628,69,235.6,206.26,213.55,LM,1,0.468022,all_model_readouts_v1,,,,unassigned,False,False,
9,4,6530,39560,6987,688.31,395.67,187.97,LM,5,0.377645,all_model_readouts_v1,,,,unassigned,False,False,
6,7,6912,80450,7605,678.23,1071.14,537.06,V1,7,0.501884,all_model_readouts_v1,,,,unassigned,False,False,
7,3,1310,2546,1421,1176.63,84.71,205.46,AL,2,0.565681,all_model_readouts_v1,8.646911359697624e+17,root_864691135969762405,L2a,L23,True,True,aibs_metamodel_mtypes_v661_v2
6,6,38,52999,45,722.19,371.67,136.89,LM,1,0.729103,all_model_readouts_v1,,,,unassigned,False,False,
8,5,9545,16788,10149,904.69,1141.68,503.26,V1,8,0.534465,all_model_readouts_v1,8.646911355720504e+17,root_864691135572050469,L5ET,L5,True,True,aibs_metamodel_mtypes_v661_v2
6,2,2469,59359,2686,576.37,316.53,291.97,LM,3,0.595475,all_model_readouts_v1,,,,unassigned,False,False,
6,6,2742,69453,2973,638.36,934.14,268.7,V1,3,,all_model_readouts_v1,,,,unassigned,False,False,
6,4,2146,119,2360,616.44,145.31,278.06,LM,3,0.710057,all_model_readouts_v1,,,,unassigned,False,False,
6,4,3545,11068,3861,906.53,215.55,272.38,AL,4,0.614386,all_model_readouts_v1,8.646911361947981e+17,root_864691136194798038,L4a,L4,True,False,aibs_metamodel_mtypes_v661_v2
6,6,4566,55783,4926,571.79,166.46,406.05,LM,5,0.648289,all_model_readouts_v1,,,,unassigned,False,False,
7,3,7853,51769,8480,442.53,259.46,487.97,LM,7,0.550865,all_model_readouts_v1,,,,unassigned,False,False,
5,7,4763,20769,5234,1154.12,309.87,297.06,RL,4,0.713742,all_model_readouts_v1,8.646911359525123e+17,root_864691135952512291,L4b,L4,True,True,aibs_metamodel_mtypes_v661_v2
6,7,5445,4629,5994,770.02,188.78,390.89,AL,6,0.722388,all_model_readouts_v1,,,,unassigned,False,False,
6,6,3315,5302,3582,932.86,227.51,263.69,AL,4,0.365929,all_model_readouts_v1,8.646911354983603e+17,root_864691135498360339,L3b,L23,True,False,aibs_metamodel_mtypes_v661_v2
6,7,3626,35471,3985,1286.19,369.04,254.67,RL,4,0.582518,all_model_readouts_v1,8.64691135992488e+17,root_864691135992487873,L3a,L23,True,True,aibs_metamodel_mtypes_v661_v2
6,2,2590,93735,2820,550.14,462.31,291.98,V1,3,0.749147,all_model_readouts_v1,,,,unassigned,False,False,
6,7,5480,841,6037,893.77,276.31,391.78,AL,6,0.782436,all_model_readouts_v1,8.646911355716984e+17,root_864691135571698413,L4a,L4,True,True,aibs_metamodel_mtypes_v661_v2
9,4,2688,53518,2902,549.65,355.69,178.71,LM,3,0.634627,all_model_readouts_v1,,,,unassigned,False,False,
6,6,4373,6945,4713,1052.69,448.75,264.67,RL,4,0.518416,all_model_readouts_v1,8.64691135383254e+17,root_864691135383253995,L3a,L23,True,False,aibs_metamodel_mtypes_v661_v2
5,6,7025,44350,7670,199.2,106.7,582.32,LM,7,0.6103,all_model_readouts_v1,,,,unassigned,False,False,
6,6,1574,795,1719,1084.2,178.27,129.9,AL,2,0.656433,all_model_readouts_v1,8.646911354771035e+17,root_864691135477103528,L2a,L23,True,False,aibs_metamodel_mtypes_v661_v2
8,5,9143,65710,9720,399.73,179.15,511.93,LM,7,0.705591,all_model_readouts_v1,,,,unassigned,False,False,
6,6,6815,20242,7376,657.2,155.05,536.33,LM,7,0.450927,all_model_readouts_v1,,,,unassigned,False,False,
9,3,7824,20706,8486,1137.63,484.68,340.18,RL,6,0.461658,all_model_readouts_v1,8.646911359547932e+17,root_864691135954793224,L4b,L4,True,True,aibs_metamodel_mtypes_v661_v2
9,3,6270,42837,6802,216.03,770.36,344.19,V1,5,0.521798,all_model_readouts_v1,,,,unassigned,False,False,
7,5,5979,5109,6624,1069.3,157.18,365.6,AL,6,0.369372,all_model_readouts_v1,8.646911358679053e+17,root_864691135867905302,L5a,L5,True,False,aibs_metamodel_mtypes_v661_v2
6,4,81,72485,85,513.39,402.29,142.5,V1,1,0.512794,all_model_readouts_v1,,,,unassigned,False,False,
4,7,7439,5864,8334,827.09,163.19,505.27,AL,8,,all_model_readouts_v1,,,,unassigned,False,False,
5,6,122,51134,130,290.26,343.13,174.43,LM,1,0.840562,all_model_readouts_v1,,,,unassigned,False,False,
9,6,3865,7517,4163,1218.81,250.37,221.37,RL,4,0.636049,all_model_readouts_v1,8.646911356984092e+17,root_864691135698409237,L3a,L23,True,True,aibs_metamodel_mtypes_v661_v2
8,5,7769,5048,8248,1230.18,212.17,371.19,RL,6,0.581728,all_model_readouts_v1,8.646911354989796e+17,root_864691135498979603,L4a,L4,True,True,aibs_metamodel_mtypes_v661_v2
6,2,1842,12692,2008,1307.36,364.33,146.31,RL,2,0.484454,all_model_readouts_v1,8.64691135889326e+17,root_864691135889325961,L2a,L23,True,True,aibs_metamodel_mtypes_v661_v2
9,3,4041,4952,4362,1002.49,113.69,326.72,AL,4,0.721745,all_model_readouts_v1,8.646911357263716e+17,root_864691135726371647,L4a,L4,True,True,aibs_metamodel_mtypes_v661_v2
9,3,94,5111,99,317.29,295.7,319.34,LM,1,0.405136,all_model_readouts_v1,,,,unassigned,False,False,
6,2,4864,5614,5262,918.9,205.28,286.94,AL,4,0.827832,all_model_readouts_v1,8.646911354461126e+17,root_864691135446112658,L3b,L23,True,True,aibs_metamodel_mtypes_v661_v2
9,4,6635,22343,7118,979.08,279.01,188.21,RL,6,0.507168,all_model_readouts_v1,8.646911356879944e+17,root_864691135687994336,L3a,L23,True,False,aibs_metamodel_mtypes_v661_v2
6,7,6948,75115,7642,335.7,686.83,531.68,V1,7,0.765342,all_model_readouts_v1,,,,unassigned,False,False,
5,6,5414,75237,5915,203.07,801.52,447.25,V1,5,0.576972,all_model_readouts_v1,,,,unassigned,False,False,
6,7,3613,47708,3972,877.34,1037.76,264.04,V1,4,0.431502,all_model_readouts_v1,8.646911368373432e+17,root_864691136837343204,L4b,L4,True,True,aibs_metamodel_mtypes_v661_v2
9,3,6323,46330,6858,461.25,179.89,339.76,LM,5,0.583057,all_model_readouts_v1,,,,unassigned,False,False,
7,5,5544,54472,6131,650.74,230.99,368.83,LM,5,0.859717,all_model_readouts_v1,,,,unassigned,False,False,
4,7,7053,13058,7908,1061.82,904.51,506.75,V1,8,0.868185,all_model_readouts_v1,8.646911355852668e+17,root_864691135585266808,L5ET,L5,True,True,aibs_metamodel_mtypes_v661_v2
7,3,1431,3721,1553,1134.43,331.54,207.75,RL,2,0.474845,all_model_readouts_v1,8.646911361237952e+17,root_864691136123795238,L3a,L23,True,False,aibs_metamodel_mtypes_v661_v2
6,6,4028,16070,4342,964.72,88.33,262.44,AL,4,0.598241,all_model_readouts_v1,8.646911369677893e+17,root_864691136967789262,L3b,L23,True,False,aibs_metamodel_mtypes_v661_v2
9,6,3300,52683,3553,718.42,807.95,225.5,V1,3,0.457035,all_model_readouts_v1,,,,unassigned,False,False,
7,5,6031,5355,6681,975.24,239.41,366.32,AL,6,0.736526,all_model_readouts_v1,8.64691136923637e+17,root_864691136923636964,L4a,L4,True,True,aibs_metamodel_mtypes_v661_v2
4,7,2031,37284,2338,189.68,794.07,248.28,V1,3,0.7762,all_model_readouts_v1,,,,unassigned,False,False,
8,5,1551,24891,1634,1261.27,347.51,229.65,RL,2,0.546246,all_model_readouts_v1,8.646911360900201e+17,root_864691136090020151,L3a,L23,True,False,aibs_metamodel_mtypes_v661_v2
4,7,6719,84159,7550,405.44,749.11,516.17,V1,7,0.513889,all_model_readouts_v1,,,,unassigned,False,False,
9,4,7673,19557,8219,1266.43,252.97,187.63,RL,6,0.402623,all_model_readouts_v1,8.646911354690861e+17,root_864691135469086034,L2a,L23,True,False,aibs_metamodel_mtypes_v661_v2
6,7,6476,4133,7134,925.25,146.77,390.48,AL,6,0.710697,all_model_readouts_v1,8.646911355686743e+17,root_864691135568674284,L4a,L4,True,True,aibs_metamodel_mtypes_v661_v2
4,7,6202,9842,6999,402.74,766.6,516.25,V1,7,0.685978,all_model_readouts_v1,,,,unassigned,False,False,
5,7,4878,42512,5359,1312.58,932.38,300.38,V1,4,0.668769,all_model_readouts_v1,8.646911352700581e+17,root_864691135270058149,L4b,L4,True,True,aibs_metamodel_mtypes_v661_v2
5,7,4804,7799,5280,905.19,146.92,297.36,AL,4,0.675371,all_model_readouts_v1,8.646911355651542e+17,root_864691135565154135,L4a,L4,True,False,aibs_metamodel_mtypes_v661_v2
7,5,7524,12066,8309,659.03,318.99,507.09,LM,7,0.188466,all_model_readouts_v1,,,,unassigned,False,False,
4,7,4855,7539,5463,856.36,219.14,374.58,AL,6,0.195057,all_model_readouts_v1,8.646911368124855e+17,root_864691136812485491,L4a,L4,True,True,aibs_metamodel_mtypes_v661_v2
6,7,7235,41030,7932,649.0,174.55,532.26,LM,7,0.365658,all_model_readouts_v1,,,,unassigned,False,False,
5,7,4793,14297,5267,854.95,981.16,303.29,V1,4,0.839621,all_model_readouts_v1,8.646911351330359e+17,root_864691135133035936,L4b,L4,True,True,aibs_metamodel_mtypes_v661_v2
6,4,3583,30896,3901,1091.19,277.59,271.55,RL,4,0.68792,all_model_readouts_v1,8.646911356165766e+17,root_864691135616576617,L3b,L23,True,True,aibs_metamodel_mtypes_v661_v2
5,7,3770,17762,4138,1153.64,168.38,296.11,AL,4,0.874343,all_model_readouts_v1,8.646911356609636e+17,root_864691135660963568,L3a,L23,True,True,aibs_metamodel_mtypes_v661_v2
5,7,5906,85884,6494,387.83,359.01,437.53,V1,5,0.455554,all_model_readouts_v1,,,,unassigned,False,False,
6,4,8169,3810,8771,1128.84,88.43,541.77,AL,8,0.425616,all_model_readouts_v1,8.646911363892287e+17,root_864691136389228663,L6tall-a,unassigned,True,False,aibs_metamodel_mtypes_v661_v2
8,5,6315,29564,6670,597.77,221.03,379.44,LM,5,0.90407,all_model_readouts_v1,,,,unassigned,False,False,
5,6,2210,40041,2402,1279.73,274.63,167.36,RL,2,0.838194,all_model_readouts_v1,8.646911354769965e+17,root_864691135476996520,L2a,L23,True,True,aibs_metamodel_mtypes_v661_v2
5,6,1873,12320,2040,942.82,266.88,169.79,AL,2,0.428082,all_model_readouts_v1,8.646911352137444e+17,root_864691135213744440,L3a,L23,True,False,aibs_metamodel_mtypes_v661_v2
7,3,1315,11247,1429,963.7,114.27,207.11,AL,2,0.831885,all_model_readouts_v1,8.646911353238491e+17,root_864691135323849116,L3a,L23,True,True,aibs_metamodel_mtypes_v661_v2
5,7,4417,7617,4861,1166.77,138.55,295.83,AL,4,0.5621,all_model_readouts_v1,8.646911353345075e+17,root_864691135334507497,L4a,L4,True,False,aibs_metamodel_mtypes_v661_v2
6,4,3945,93614,4283,913.39,792.02,277.25,V1,4,,all_model_readouts_v1,,,,unassigned,False,False,
5,7,1295,40536,1407,964.1,299.79,158.85,RL,2,0.8042,all_model_readouts_v1,8.646911361367786e+17,root_864691136136778621,L2c,L23,True,False,aibs_metamodel_mtypes_v661_v2
8,5,5628,61585,5943,444.77,256.81,379.29,LM,5,0.866343,all_model_readouts_v1,,,,unassigned,False,False,
7,5,3652,17177,4037,840.59,234.74,233.99,AL,4,0.619857,all_model_readouts_v1,8.646911360401211e+17,root_864691136040121086,L3a,L23,True,True,aibs_metamodel_mtypes_v661_v2
7,5,4627,64510,5108,382.89,175.33,368.26,LM,5,0.480696,all_model_readouts_v1,,,,unassigned,False,False,
8,5,3298,55761,3464,665.0,854.21,244.55,V1,3,0.210067,all_model_readouts_v1,,,,unassigned,False,False,
6,7,7816,13064,8528,1246.45,464.6,529.39,RL,8,0.444188,all_model_readouts_v1,8.646911352573925e+17,root_864691135257392559,L5ET,L5,True,False,aibs_metamodel_mtypes_v661_v2
6,7,3851,29061,4238,1308.64,170.17,252.61,RL,4,0.360535,all_model_readouts_v1,8.646911355939625e+17,root_864691135593962539,L3a,L23,True,True,aibs_metamodel_mtypes_v661_v2
9,6,1973,27573,2125,1153.54,205.73,198.45,RL,2,0.622955,all_model_readouts_v1,8.646911353953984e+17,root_864691135395398389,L3a,L23,True,True,aibs_metamodel_mtypes_v661_v2
6,2,1822,30586,1987,1327.87,538.09,147.25,RL,2,0.730623,all_model_readouts_v1,8.646911355019652e+17,root_864691135501965122,L2a,L23,True,True,aibs_metamodel_mtypes_v661_v2
9,3,1323,102491,1428,417.25,1086.8,325.95,V1,1,0.569305,all_model_readouts_v1,,,,unassigned,False,False,
9,3,5494,61027,5946,567.38,373.97,340.82,LM,5,0.562055,all_model_readouts_v1,,,,unassigned,False,False,
6,6,4246,17402,4575,1053.14,143.03,262.34,AL,4,0.486463,all_model_readouts_v1,8.64691135762956e+17,root_864691135762956086,L3b,L23,True,False,aibs_metamodel_mtypes_v661_v2
6,4,1716,16200,1880,1052.24,171.28,134.18,AL,2,0.798676,all_model_readouts_v1,8.646911356593588e+17,root_864691135659358850,L2a,L23,True,True,aibs_metamodel_mtypes_v661_v2
8,5,4319,35231,4546,1148.56,366.61,239.23,RL,4,0.795022,all_model_readouts_v1,8.646911357775172e+17,root_864691135777517245,L3a,L23,True,True,aibs_metamodel_mtypes_v661_v2
4,7,2739,54242,3142,977.54,920.14,240.92,V1,4,0.491437,all_model_readouts_v1,8.6469113543166e+17,root_864691135431660080,L3b,L23,True,False,aibs_metamodel_mtypes_v661_v2
6,7,7329,993,8027,1053.31,69.19,526.67,AL,8,0.374265,all_model_readouts_v1,,,,unassigned,False,False,
7,5,1251,45826,1355,376.26,232.85,199.87,LM,1,0.610757,all_model_readouts_v1,,,,unassigned,False,False,
4,7,4253,52207,4788,641.56,228.34,380.41,LM,5,0.861388,all_model_readouts_v1,,,,unassigned,False,False,
5,6,5105,42474,5572,389.95,107.29,444.35,LM,5,0.853085,all_model_readouts_v1,,,,unassigned,False,False,
8,5,1498,32946,1581,1183.17,267.73,230.93,RL,2,0.58366,all_model_readouts_v1,8.646911357196413e+17,root_864691135719641393,L3a,L23,True,False,aibs_metamodel_mtypes_v661_v2
6,7,6604,52648,7295,667.12,112.33,532.13,LM,7,0.280756,all_model_readouts_v1,,,,unassigned,False,False,
9,4,1432,26397,1543,874.45,358.28,167.78,RL,2,0.380209,all_model_readouts_v1,8.646911355696701e+17,root_864691135569670124,L2c,L23,True,True,aibs_metamodel_mtypes_v661_v2
8,5,2786,44466,2935,667.63,150.49,252.01,LM,3,0.254334,all_model_readouts_v1,,,,unassigned,False,False,
6,2,609,57867,673,573.78,421.18,154.43,V1,1,0.55775,all_model_readouts_v1,,,,unassigned,False,False,
5,7,7726,72303,8439,711.35,701.13,569.1,V1,8,0.396542,all_model_readouts_v1,,,,unassigned,False,False,
6,2,3692,1083,4009,798.25,95.83,287.48,AL,4,0.610716,all_model_readouts_v1,,,,unassigned,False,False,
4,7,1303,72822,1546,418.01,681.53,247.91,V1,3,0.703206,all_model_readouts_v1,,,,unassigned,False,False,
4,7,2248,9195,2596,968.6,114.77,238.57,AL,4,0.177591,all_model_readouts_v1,8.646911350593734e+17,root_864691135059373467,L3a,L23,True,False,aibs_metamodel_mtypes_v661_v2
9,6,1408,20977,1528,701.29,423.79,204.3,LM,2,0.461927,all_model_readouts_v1,,,,unassigned,False,False,
9,6,2182,33266,2343,1294.35,370.13,198.12,RL,2,0.684215,all_model_readouts_v1,8.646911357011352e+17,root_864691135701135227,L2a,L23,True,True,aibs_metamodel_mtypes_v661_v2
5,6,1277,9243,1369,1116.32,87.49,167.34,AL,2,0.413848,all_model_readouts_v1,8.646911367234317e+17,root_864691136723431677,L2b,L23,True,True,aibs_metamodel_mtypes_v661_v2
7,5,5950,3808,6586,1148.11,87.41,364.99,AL,6,0.298823,all_model_readouts_v1,8.646911366028104e+17,root_864691136602810321,L4a,L4,True,False,aibs_metamodel_mtypes_v661_v2
5,6,5210,29138,5681,665.31,347.8,447.0,LM,5,0.904643,all_model_readouts_v1,,,,unassigned,False,False,
6,4,6693,49968,7232,958.27,502.38,411.7,V1,6,0.845814,all_model_readouts_v1,8.646911369040605e+17,root_864691136904060594,L4a,L4,True,True,aibs_metamodel_mtypes_v661_v2
4,7,5558,557,6270,941.54,253.85,372.98,AL,6,0.71628,all_model_readouts_v1,8.646911366029944e+17,root_864691136602994385,L5a,L5,True,True,aibs_metamodel_mtypes_v661_v2
7,3,5808,54976,6297,337.69,148.63,423.96,LM,5,0.568976,all_model_readouts_v1,,,,unassigned,False,False,
7,5,2575,72993,2842,166.73,623.62,236.03,V1,3,0.619886,all_model_readouts_v1,,,,unassigned,False,False,
6,4,4050,51215,4395,1094.99,906.25,276.89,V1,4,0.680379,all_model_readouts_v1,8.646911352154345e+17,root_864691135215434552,L3b,L23,True,True,aibs_metamodel_mtypes_v661_v2
7,5,7763,9521,8560,801.25,195.55,501.96,AL,8,0.705471,all_model_readouts_v1,,,,unassigned,False,False,
8,5,2477,56354,2603,952.55,708.03,229.45,V1,2,0.412325,all_model_readouts_v1,8.64691135509698e+17,root_864691135509698057,L2c,L23,True,False,aibs_metamodel_mtypes_v661_v2
7,3,2647,27800,2848,356.96,287.68,348.54,LM,3,0.621182,all_model_readouts_v1,,,,unassigned,False,False,
9,6,4524,50364,4854,859.67,1080.89,227.34,V1,4,0.604276,all_model_readouts_v1,8.646911350594387e+17,root_864691135059438747,L4b,L4,True,False,aibs_metamodel_mtypes_v661_v2
6,6,4875,91970,5254,437.08,636.92,406.12,V1,5,0.718172,all_model_readouts_v1,,,,unassigned,False,False,
9,4,7284,39981,7804,869.63,300.86,188.46,RL,6,0.630651,all_model_readouts_v1,8.646911361440389e+17,root_864691136144038964,L2c,L23,True,False,aibs_metamodel_mtypes_v661_v2
6,4,3668,16502,3994,1283.07,379.39,271.0,RL,4,0.516134,all_model_readouts_v1,8.646911356936375e+17,root_864691135693637567,L3b,L23,True,True,aibs_metamodel_mtypes_v661_v2
6,7,2389,40882,2646,636.5,344.48,261.89,LM,3,0.588636,all_model_readouts_v1,,,,unassigned,False,False,
5,6,5080,5199,5537,803.12,283.11,308.78,AL,4,0.332537,all_model_readouts_v1,8.646911361237501e+17,root_864691136123750182,L4a,L4,True,True,aibs_metamodel_mtypes_v661_v2
9,6,4017,35636,4324,1234.02,455.6,222.13,RL,4,0.560912,all_model_readouts_v1,8.646911354693413e+17,root_864691135469341266,L2c,L23,True,True,aibs_metamodel_mtypes_v661_v2
7,3,2553,53677,2748,250.61,162.89,347.79,LM,3,0.670124,all_model_readouts_v1,,,,unassigned,False,False,
7,5,2627,51477,2898,503.26,641.39,236.62,V1,3,0.607108,all_model_readouts_v1,,,,unassigned,False,False,
7,5,481,95335,520,525.57,804.0,197.8,V1,1,0.672917,all_model_readouts_v1,,,,unassigned,False,False,
5,7,4384,21112,4826,1318.84,502.91,297.44,RL,4,0.709127,all_model_readouts_v1,8.646911355828586e+17,root_864691135582858605,L4a,L4,True,True,aibs_metamodel_mtypes_v661_v2
6,6,5771,5447,6225,1019.85,234.81,398.77,AL,6,0.509147,all_model_readouts_v1,8.646911360119016e+17,root_864691136011901603,L5a,L5,True,False,aibs_metamodel_mtypes_v661_v2
6,4,4644,14372,5035,1192.57,292.46,270.93,RL,4,0.599866,all_model_readouts_v1,8.646911356937089e+17,root_864691135693708991,L3b,L23,True,True,aibs_metamodel_mtypes_v661_v2
6,7,45,44517,51,618.69,426.53,126.86,V1,1,0.353955,all_model_readouts_v1,,,,unassigned,False,False,
9,3,158,46558,167,566.03,384.23,319.83,LM,1,0.533988,all_model_readouts_v1,,,,unassigned,False,False,
5,7,6860,60304,7565,475.86,272.92,568.83,LM,7,,all_model_readouts_v1,,,,unassigned,False,False,
5,7,448,45445,483,181.06,811.05,159.13,V1,1,0.822219,all_model_readouts_v1,,,,unassigned,False,False,
8,5,8046,16433,8552,1233.19,532.38,369.67,RL,6,0.651618,all_model_readouts_v1,8.646911358560724e+17,root_864691135856072494,L4a,L4,True,True,aibs_metamodel_mtypes_v661_v2
9,3,6212,22510,6742,483.77,308.92,340.57,LM,5,0.450364,all_model_readouts_v1,,,,unassigned,False,False,
6,6,4352,9747,4690,884.65,220.04,263.92,AL,4,0.716738,all_model_readouts_v1,8.646911362279415e+17,root_864691136227941457,L3b,L23,True,False,aibs_metamodel_mtypes_v661_v2
5,6,7770,40826,8420,437.37,228.65,581.99,LM,7,0.738927,all_model_readouts_v1,,,,unassigned,False,False,
6,4,4732,6238,5132,1209.58,116.03,269.29,AL,4,0.548901,all_model_readouts_v1,8.646911356876454e+17,root_864691135687645408,L3b,L23,True,True,aibs_metamodel_mtypes_v661_v2
6,2,1948,35646,2122,1169.47,426.87,147.6,RL,2,0.346688,all_model_readouts_v1,8.646911360893399e+17,root_864691136089339959,L2a,L23,True,True,aibs_metamodel_mtypes_v661_v2
8,5,7162,1073,7580,1317.7,411.43,370.14,RL,6,0.695787,all_model_readouts_v1,8.646911369663864e+17,root_864691136966386382,L4a,L4,True,True,aibs_metamodel_mtypes_v661_v2
7,3,3679,91235,3976,650.41,977.72,351.33,V1,3,0.750649,all_model_readouts_v1,,,,unassigned,False,False,
7,5,8158,4563,8987,1142.42,159.37,502.03,AL,8,0.415959,all_model_readouts_v1,8.646911353074605e+17,root_864691135307460422,L5ET,L5,True,False,aibs_metamodel_mtypes_v661_v2
8,5,2879,62926,3030,470.07,317.03,250.79,LM,3,0.790684,all_model_readouts_v1,,,,unassigned,False,False,
5,6,7918,5903,8573,934.07,169.82,567.57,AL,8,,all_model_readouts_v1,,,,unassigned,False,False,
5,6,56,40015,62,659.48,245.17,179.28,LM,1,0.776608,all_model_readouts_v1,,,,unassigned,False,False,
7,5,39,3655,42,480.41,193.41,200.29,LM,1,0.587724,all_model_readouts_v1,,,,unassigned,False,False,
6,6,3278,6056,3541,1177.93,115.72,261.39,AL,4,0.571151,all_model_readouts_v1,8.646911357002606e+17,root_864691135700260642,L3b,L23,True,True,aibs_metamodel_mtypes_v661_v2
6,4,2168,18816,2382,631.45,184.84,278.05,LM,3,0.921867,all_model_readouts_v1,,,,unassigned,False,False,
7,3,1044,85025,1128,459.91,751.8,212.87,V1,1,0.259053,all_model_readouts_v1,,,,unassigned,False,False,
9,4,7852,16430,8411,839.82,226.28,188.32,AL,6,0.337948,all_model_readouts_v1,8.646911350594948e+17,root_864691135059494811,L3a,L23,True,False,aibs_metamodel_mtypes_v661_v2
5,7,2221,37206,2435,1244.01,518.53,158.32,RL,2,0.450422,all_model_readouts_v1,8.646911353415636e+17,root_864691135341563589,L2a,L23,True,False,aibs_metamodel_mtypes_v661_v2
7,3,6126,14491,6646,173.16,262.42,423.95,LM,5,0.324537,all_model_readouts_v1,,,,unassigned,False,False,
7,3,7025,37040,7595,252.69,286.03,487.97,LM,7,0.413167,all_model_readouts_v1,,,,unassigned,False,False,
9,3,6717,17351,7306,1188.87,249.32,338.77,RL,6,0.638242,all_model_readouts_v1,8.646911366631997e+17,root_864691136663199710,L4b,L4,True,True,aibs_metamodel_mtypes_v661_v2
6,7,7843,10390,8556,1284.93,404.76,529.3,RL,8,0.362026,all_model_readouts_v1,8.64691135938518e+17,root_864691135938518069,L6tall-a,unassigned,True,False,aibs_metamodel_mtypes_v661_v2
9,4,2919,75852,3151,615.49,685.08,180.01,V1,3,0.495664,all_model_readouts_v1,,,,unassigned,False,False,
6,4,4211,47395,4573,1035.15,1050.39,278.56,V1,4,0.822998,all_model_readouts_v1,8.646911359547837e+17,root_864691135954783752,L3b,L23,True,True,aibs_metamodel_mtypes_v661_v2
4,7,6559,58477,7385,687.13,222.16,512.35,LM,7,0.719436,all_model_readouts_v1,,,,unassigned,False,False,
9,6,2670,58009,2875,684.31,391.95,222.53,LM,3,0.609132,all_model_readouts_v1,,,,unassigned,False,False,
7,5,1096,83788,1187,664.95,1071.1,196.99,V1,1,0.829486,all_model_readouts_v1,,,,unassigned,False,False,
6,4,764,58422,818,533.22,456.36,142.28,V1,1,0.895651,all_model_readouts_v1,,,,unassigned,False,False,
8,5,811,65985,849,403.55,1146.36,233.69,V1,1,0.718599,all_model_readouts_v1,,,,unassigned,False,False,
7,5,2083,8825,2292,931.75,153.76,192.27,AL,2,0.69217,all_model_readouts_v1,8.646911353589953e+17,root_864691135358995288,L3a,L23,True,True,aibs_metamodel_mtypes_v661_v2
9,4,4696,34736,5036,978.24,390.77,177.26,RL,4,0.761341,all_model_readouts_v1,8.646911362281115e+17,root_864691136228111441,L3a,L23,True,True,aibs_metamodel_mtypes_v661_v2
8,5,4192,5926,4411,985.15,144.95,241.48,AL,4,0.569126,all_model_readouts_v1,8.646911354753556e+17,root_864691135475355712,L3a,L23,True,False,aibs_metamodel_mtypes_v661_v2
4,7,3571,19941,4063,715.05,248.2,380.04,LM,5,0.854128,all_model_readouts_v1,,,,unassigned,False,False,
6,2,4302,70450,4657,744.52,1035.57,295.29,V1,4,0.693657,all_model_readouts_v1,,,,unassigned,False,False,
4,7,2273,9111,2625,982.26,176.87,238.52,AL,4,0.693522,all_model_readouts_v1,8.646911355175318e+17,root_864691135517531786,L3a,L23,True,False,aibs_metamodel_mtypes_v661_v2
7,5,7413,36755,8189,543.93,109.16,505.12,LM,7,0.575675,all_model_readouts_v1,,,,unassigned,False,False,
5,7,1451,24597,1577,1238.75,528.48,158.46,RL,2,0.197692,all_model_readouts_v1,8.646911360326693e+17,root_864691136032669371,L2a,L23,True,True,aibs_metamodel_mtypes_v661_v2
9,3,6171,56586,6700,742.28,479.34,341.16,V1,5,0.475272,all_model_readouts_v1,,,,unassigned,False,False,
5,6,8448,10709,9109,1055.92,187.31,568.25,AL,8,0.324322,all_model_readouts_v1,8.646911360889544e+17,root_864691136088954423,L6short-a,unassigned,True,False,aibs_metamodel_mtypes_v661_v2
6,6,2329,39804,2528,530.4,667.47,269.19,V1,3,0.819789,all_model_readouts_v1,,,,unassigned,False,False,
6,4,2684,95290,2936,170.47,914.66,277.96,V1,3,0.676875,all_model_readouts_v1,,,,unassigned,False,False,
6,2,1888,1669,2057,1097.47,496.64,148.5,RL,2,0.375163,all_model_readouts_v1,8.64691136144254e+17,root_864691136144254004,L2c,L23,True,False,aibs_metamodel_mtypes_v661_v2
9,6,599,74980,651,525.08,1010.35,207.26,V1,1,0.562524,all_model_readouts_v1,,,,unassigned,False,False,
6,2,3181,61572,3452,200.87,577.55,292.03,V1,3,0.650708,all_model_readouts_v1,,,,unassigned,False,False,
4,7,4882,9856,5494,954.21,251.32,372.72,AL,6,0.367143,all_model_readouts_v1,8.646911352138761e+17,root_864691135213876096,L4c,L4,True,False,aibs_metamodel_mtypes_v661_v2
7,3,51,38955,55,540.27,179.38,214.85,LM,1,,all_model_readouts_v1,,,,unassigned,False,False,
8,5,6670,67280,7037,567.65,967.62,374.88,V1,5,0.782747,all_model_readouts_v1,,,,unassigned,False,False,
6,7,2212,58264,2455,763.44,421.14,261.9,LM,3,0.441834,all_model_readouts_v1,,,,unassigned,False,False,
8,5,6986,291,7394,778.62,198.67,371.81,AL,6,0.837678,all_model_readouts_v1,,,,unassigned,False,False,
6,4,2023,18887,2217,1192.66,131.05,133.84,AL,2,0.654653,all_model_readouts_v1,8.646911364195588e+17,root_864691136419558807,L2a,L23,True,True,aibs_metamodel_mtypes_v661_v2
4,7,4790,9940,5382,929.73,74.22,372.73,AL,6,0.460937,all_model_readouts_v1,8.646911349884381e+17,root_864691134988438138,L4c,L4,True,True,aibs_metamodel_mtypes_v661_v2
6,2,249,101906,271,551.74,593.56,153.24,V1,1,0.768709,all_model_readouts_v1,,,,unassigned,False,False,
9,4,3855,40525,4130,489.69,229.21,178.32,LM,3,0.699768,all_model_readouts_v1,,,,unassigned,False,False,
6,6,7442,25233,8008,540.05,199.53,536.89,LM,7,0.445286,all_model_readouts_v1,,,,unassigned,False,False,
6,2,3795,25200,4125,945.84,312.2,287.45,RL,4,0.769061,all_model_readouts_v1,8.64691135696901e+17,root_864691135696901018,L4b,L4,True,True,aibs_metamodel_mtypes_v661_v2
6,6,5785,12175,6241,900.43,254.43,399.26,AL,6,,all_model_readouts_v1,,,,unassigned,False,False,
7,5,4650,17268,5131,299.28,192.41,368.29,LM,5,0.801554,all_model_readouts_v1,,,,unassigned,False,False,
9,3,5442,23511,5892,415.27,291.07,340.59,LM,5,0.461825,all_model_readouts_v1,,,,unassigned,False,False,
6,2,7683,9113,8274,948.19,111.56,558.01,AL,8,,all_model_readouts_v1,,,,unassigned,False,False,
9,3,5351,56899,5795,560.41,121.15,339.16,LM,5,0.617402,all_model_readouts_v1,,,,unassigned,False,False,
5,6,7895,1946,8549,932.9,49.82,566.02,AL,8,0.46559,all_model_readouts_v1,,,,unassigned,False,False,
7,5,1542,29463,1700,1271.91,499.2,194.11,RL,2,0.683439,all_model_readouts_v1,8.64691135307312e+17,root_864691135307311942,L2a,L23,True,True,aibs_metamodel_mtypes_v661_v2
6,7,4039,32172,4440,835.53,664.9,260.78,V1,4,0.64837,all_model_readouts_v1,8.646911360402545e+17,root_864691136040254462,L3b,L23,True,True,aibs_metamodel_mtypes_v661_v2
6,6,7490,2294,8059,1101.95,142.29,528.21,AL,8,0.720248,all_model_readouts_v1,8.646911353552484e+17,root_864691135355248335,L4b,L4,True,True,aibs_metamodel_mtypes_v661_v2
4,7,5505,1186,6202,1137.05,56.22,368.55,AL,6,0.425536,all_model_readouts_v1,8.646911362219772e+17,root_864691136221977278,L4b,L4,True,True,aibs_metamodel_mtypes_v661_v2
6,6,7318,62194,7883,450.76,286.41,537.6,LM,7,0.518549,all_model_readouts_v1,,,,unassigned,False,False,
7,5,6856,47890,7586,781.93,421.33,367.88,LM,6,0.547586,all_model_readouts_v1,,,,unassigned,False,False,
6,6,4313,38931,4647,1193.64,329.47,262.93,RL,4,0.633293,all_model_readouts_v1,8.646911369041583e+17,root_864691136904158386,L3a,L23,True,False,aibs_metamodel_mtypes_v661_v2
6,7,6049,5291,6667,1123.17,167.17,390.7,AL,6,0.822503,all_model_readouts_v1,8.6469113661926e+17,root_864691136619260045,L5a,L5,True,True,aibs_metamodel_mtypes_v661_v2
5,6,4524,1846,4925,1014.99,190.43,305.95,AL,4,0.675071,all_model_readouts_v1,8.646911359373624e+17,root_864691135937362485,L4a,L4,True,True,aibs_metamodel_mtypes_v661_v2
6,2,4798,20146,5190,923.04,312.19,287.71,RL,4,0.644802,all_model_readouts_v1,8.646911350142414e+17,root_864691135014241430,L4a,L4,True,True,aibs_metamodel_mtypes_v661_v2
5,7,2619,91398,2883,254.22,447.86,302.96,V1,3,0.69541,all_model_readouts_v1,,,,unassigned,False,False,
9,3,4856,4354,5254,890.7,256.82,328.14,AL,4,0.45745,all_model_readouts_v1,8.64691135342007e+17,root_864691135342006981,L4a,L4,True,False,aibs_metamodel_mtypes_v661_v2
6,4,7741,7156,8333,1178.09,355.93,543.47,RL,8,0.656477,all_model_readouts_v1,8.646911361763016e+17,root_864691136176301574,L6short-a,unassigned,True,False,aibs_metamodel_mtypes_v661_v2
6,6,7514,5297,8085,966.87,266.69,529.78,RL,8,,all_model_readouts_v1,,,,unassigned,False,False,
7,5,6104,25480,6764,875.84,359.08,367.29,RL,6,0.805374,all_model_readouts_v1,8.64691135489098e+17,root_864691135489098042,L4a,L4,True,True,aibs_metamodel_mtypes_v661_v2
9,4,5198,52444,5578,624.24,152.85,187.15,LM,5,0.344537,all_model_readouts_v1,,,,unassigned,False,False,
6,6,6466,17946,6984,1312.41,492.21,400.76,RL,6,0.666098,all_model_readouts_v1,8.646911351953948e+17,root_864691135195394858,L5a,L5,True,False,aibs_metamodel_mtypes_v661_v2
7,3,8269,1108,8923,1281.2,731.02,487.95,V1,8,0.530452,all_model_readouts_v1,8.646911354954981e+17,root_864691135495498128,L5b,L5,True,True,aibs_metamodel_mtypes_v661_v2
6,4,1973,7356,2161,969.4,102.09,133.89,AL,2,0.385621,all_model_readouts_v1,8.64691136056864e+17,root_864691136056863960,L2c,L23,True,True,aibs_metamodel_mtypes_v661_v2
9,4,40,40325,46,347.71,263.71,170.25,LM,1,0.536198,all_model_readouts_v1,,,,unassigned,False,False,
7,3,3226,49965,3488,153.67,1007.88,349.15,V1,3,0.425079,all_model_readouts_v1,,,,unassigned,False,False,
7,5,3711,25801,4099,935.93,314.42,233.79,RL,4,0.430034,all_model_readouts_v1,8.646911354635665e+17,root_864691135463566493,L3b,L23,True,False,aibs_metamodel_mtypes_v661_v2
4,7,1837,54700,2141,700.26,410.38,248.34,LM,3,0.819282,all_model_readouts_v1,,,,unassigned,False,False,
5,6,5742,74286,6268,632.59,739.55,448.99,V1,5,0.794133,all_model_readouts_v1,,,,unassigned,False,False,
9,4,4928,36736,5285,1290.57,416.81,174.34,RL,4,0.568086,all_model_readouts_v1,8.646911354689519e+17,root_864691135468951948,L2a,L23,True,False,aibs_metamodel_mtypes_v661_v2
7,5,6874,197,7609,820.47,334.02,367.25,LM,6,0.677061,all_model_readouts_v1,8.646911360093935e+17,root_864691136009393580,L4b,L4,True,False,aibs_metamodel_mtypes_v661_v2
6,2,1206,4314,1319,828.53,301.35,149.06,AL,2,0.392192,all_model_readouts_v1,8.646911352750083e+17,root_864691135275008273,L2b,L23,True,False,aibs_metamodel_mtypes_v661_v2
6,4,6822,3899,7367,842.33,81.17,408.56,AL,6,0.768492,all_model_readouts_v1,8.646911357861673e+17,root_864691135786167236,L4b,L4,True,True,aibs_metamodel_mtypes_v661_v2
6,7,659,34044,742,228.74,784.66,119.97,V1,1,0.598068,all_model_readouts_v1,,,,unassigned,False,False,
9,4,2349,36301,2527,975.5,425.66,167.43,RL,2,0.48465,all_model_readouts_v1,8.646911353229874e+17,root_864691135322987420,L2b,L23,True,False,aibs_metamodel_mtypes_v661_v2
6,2,1891,10287,2061,1140.07,158.76,146.15,AL,2,0.635237,all_model_readouts_v1,8.646911359183364e+17,root_864691135918336432,L2a,L23,True,True,aibs_metamodel_mtypes_v661_v2
4,7,2255,9531,2605,894.77,147.33,239.97,AL,4,0.780159,all_model_readouts_v1,8.646911362968497e+17,root_864691136296849691,L3a,L23,True,True,aibs_metamodel_mtypes_v661_v2
4,7,494,81334,607,601.89,1028.68,105.75,V1,1,0.720781,all_model_readouts_v1,,,,unassigned,False,False,
6,2,2007,1610,2186,1183.52,136.27,145.73,AL,2,,all_model_readouts_v1,,,,unassigned,False,False,
5,6,888,73312,946,662.15,672.7,175.82,V1,1,0.290801,all_model_readouts_v1,,,,unassigned,False,False,
7,5,7991,4108,8805,876.62,255.89,502.15,AL,8,0.386225,all_model_readouts_v1,8.646911358377437e+17,root_864691135837743763,L5ET,L5,True,True,aibs_metamodel_mtypes_v661_v2
5,6,1535,29259,1650,1291.04,586.56,169.31,RL,2,0.566103,all_model_readouts_v1,8.646911357778766e+17,root_864691135777876576,L2a,L23,True,True,aibs_metamodel_mtypes_v661_v2
7,5,7340,6900,8106,432.1,1141.51,511.36,V1,7,0.307359,all_model_readouts_v1,,,,unassigned,False,False,
4,7,7199,19178,8071,1055.7,455.98,505.08,RL,8,0.764086,all_model_readouts_v1,8.646911368706789e+17,root_864691136870678894,L4c,L4,True,True,aibs_metamodel_mtypes_v661_v2
8,5,7243,2435,7668,1202.69,539.59,369.67,RL,6,0.686376,all_model_readouts_v1,8.646911356551411e+17,root_864691135655141058,L4c,L4,True,True,aibs_metamodel_mtypes_v661_v2
6,4,1174,40506,1279,1231.12,446.11,135.5,RL,2,0.623431,all_model_readouts_v1,8.646911357589362e+17,root_864691135758936142,L2a,L23,True,True,aibs_metamodel_mtypes_v661_v2
9,3,5242,7227,5666,933.74,247.22,327.9,AL,4,0.646383,all_model_readouts_v1,8.646911359461289e+17,root_864691135946128932,L4a,L4,True,True,aibs_metamodel_mtypes_v661_v2
6,4,4289,97403,4656,790.53,893.95,279.03,V1,4,,all_model_readouts_v1,,,,unassigned,False,False,
4,7,3613,55468,4107,434.06,340.41,381.3,LM,5,0.834587,all_model_readouts_v1,,,,unassigned,False,False,
5,6,1323,8110,1422,1004.93,204.58,168.93,AL,2,0.64123,all_model_readouts_v1,8.646911356981235e+17,root_864691135698123541,L3a,L23,True,True,aibs_metamodel_mtypes_v661_v2
6,6,1462,16997,1596,1046.7,131.21,129.89,AL,2,0.787913,all_model_readouts_v1,8.646911354635224e+17,root_864691135463522461,L2b,L23,True,True,aibs_metamodel_mtypes_v661_v2
9,6,29,1990,35,433.14,226.22,201.9,LM,1,0.296084,all_model_readouts_v1,,,,unassigned,False,False,
6,2,3763,2349,4091,885.49,259.96,287.74,AL,4,0.77562,all_model_readouts_v1,8.646911359379156e+17,root_864691135937915652,L3b,L23,True,True,aibs_metamodel_mtypes_v661_v2
6,6,481,55551,523,635.74,1068.37,126.31,V1,1,,all_model_readouts_v1,,,,unassigned,False,False,
7,3,5115,63013,5563,238.98,143.19,423.95,LM,5,0.665991,all_model_readouts_v1,,,,unassigned,False,False,
6,4,8011,91412,8610,822.37,929.73,547.04,V1,8,0.613271,all_model_readouts_v1,8.646911367570098e+17,root_864691136757009774,L6short-a,unassigned,True,False,aibs_metamodel_mtypes_v661_v2
